Mono path[0] = 'E:/SteamLibrary/steamapps/common/RimWorld/RimWorldWin64_Data/Managed'
Mono config path = 'E:/SteamLibrary/steamapps/common/RimWorld/MonoBleedingEdge/etc'
[PhysX] Initialized MultithreadedTaskDispatcher with 12 workers.
Initialize engine version: 2022.3.35f1 (011206c7a712)
[Subsystems] Discovering subsystems at path E:/SteamLibrary/steamapps/common/RimWorld/RimWorldWin64_Data/UnitySubsystems
GfxDevice: creating device client; threaded=1; jobified=0
Direct3D:
    Version:  Direct3D 11.0 [level 11.1]
    Renderer: NVIDIA GeForce RTX 4070 Ti (ID=0x2782)
    Vendor:   NVIDIA
    VRAM:     11996 MB
    Driver:   32.0.16.1656
Begin MonoManager ReloadAssembly
- Loaded All Assemblies, in  0.090 seconds
- Finished resetting the current domain, in  0.001 seconds
<RI> Initializing input.
<RI> Input initialized.
<RI> Initialized touch support.
[PhysX] Initialized MultithreadedTaskDispatcher with 12 workers.
UnloadTime: 0.724200 ms
RimWorld 1.6.4871 rev591
Mod Faction Territories + Vanilla Outposts: Vassal Destinations dependency (brrainz.harmony) needs to have <downloadUrl> and/or <steamWorkshopUrl> specified.
Fallback handler could not load library E:/SteamLibrary/steamapps/common/RimWorld/RimWorldWin64_Data/MonoBleedingEdge/data-0000029E2DB2E070.dll
Fallback handler could not load library E:/SteamLibrary/steamapps/common/RimWorld/RimWorldWin64_Data/MonoBleedingEdge/data-0000029E2DDBD1B0.dll
Prepatcher: Starting... (vanilla load took 3.713451s)
Prepatcher: Game processing took 494.7915ms
Prepatcher: Serializing patched assemblies
Prepatcher: Serializing took 1308.037ms
Prepatcher: Setting refonly
Prepatcher: Loading patched assemblies
Fallback handler could not load library E:/SteamLibrary/steamapps/common/RimWorld/RimWorldWin64_Data/MonoBleedingEdge/data-0000029E4C7BB040.dll
Fallback handler could not load library E:/SteamLibrary/steamapps/common/RimWorld/RimWorldWin64_Data/MonoBleedingEdge/data-0000029E4D6DC040.dll
Fallback handler could not load library E:/SteamLibrary/steamapps/common/RimWorld/RimWorldWin64_Data/MonoBleedingEdge/data-0000029E2E1F9020.dll
Fallback handler could not load library E:/SteamLibrary/steamapps/common/RimWorld/RimWorldWin64_Data/MonoBleedingEdge/data-0000029E2E6F0010.dll
Fallback handler could not load library E:/SteamLibrary/steamapps/common/RimWorld/RimWorldWin64_Data/MonoBleedingEdge/data-0000029E1C570010.dll
Fallback handler could not load library E:/SteamLibrary/steamapps/common/RimWorld/RimWorldWin64_Data/MonoBleedingEdge/data-0000029E2E918010.dll
Fallback handler could not load library E:/SteamLibrary/steamapps/common/RimWorld/RimWorldWin64_Data/MonoBleedingEdge/data-0000029E2EE94020.dll
Fallback handler could not load library E:/SteamLibrary/steamapps/common/RimWorld/RimWorldWin64_Data/MonoBleedingEdge/data-0000029E2E932E20.dll
Fallback handler could not load library E:/SteamLibrary/steamapps/common/RimWorld/RimWorldWin64_Data/MonoBleedingEdge/data-0000029E2E936630.dll
Fallback handler could not load library E:/SteamLibrary/steamapps/common/RimWorld/RimWorldWin64_Data/MonoBleedingEdge/data-0000029DF377AB60.dll
Fallback handler could not load library E:/SteamLibrary/steamapps/common/RimWorld/RimWorldWin64_Data/MonoBleedingEdge/data-0000029E2E9BAC40.dll
Fallback handler could not load library E:/SteamLibrary/steamapps/common/RimWorld/RimWorldWin64_Data/MonoBleedingEdge/data-0000029E2D9E2F40.dll
Fallback handler could not load library E:/SteamLibrary/steamapps/common/RimWorld/RimWorldWin64_Data/MonoBleedingEdge/data-0000029E2E9BE250.dll
Fallback handler could not load library E:/SteamLibrary/steamapps/common/RimWorld/RimWorldWin64_Data/MonoBleedingEdge/data-0000029E2E6FDC20.dll
Fallback handler could not load library E:/SteamLibrary/steamapps/common/RimWorld/RimWorldWin64_Data/MonoBleedingEdge/data-0000029E2E246050.dll
Fallback handler could not load library E:/SteamLibrary/steamapps/common/RimWorld/RimWorldWin64_Data/MonoBleedingEdge/data-0000029DF651CAD0.dll
Fallback handler could not load library E:/SteamLibrary/steamapps/common/RimWorld/RimWorldWin64_Data/MonoBleedingEdge/data-0000029DF65204E0.dll
Fallback handler could not load library E:/SteamLibrary/steamapps/common/RimWorld/RimWorldWin64_Data/MonoBleedingEdge/data-0000029E4D94B040.dll
Fallback handler could not load library E:/SteamLibrary/steamapps/common/RimWorld/RimWorldWin64_Data/MonoBleedingEdge/data-0000029E2E9C0860.dll
Fallback handler could not load library E:/SteamLibrary/steamapps/common/RimWorld/RimWorldWin64_Data/MonoBleedingEdge/data-0000029E4DA8A040.dll
Fallback handler could not load library E:/SteamLibrary/steamapps/common/RimWorld/RimWorldWin64_Data/MonoBleedingEdge/data-0000029E2E9E9E80.dll
Fallback handler could not load library E:/SteamLibrary/steamapps/common/RimWorld/RimWorldWin64_Data/MonoBleedingEdge/data-0000029E2EA1C490.dll
Fallback handler could not load library E:/SteamLibrary/steamapps/common/RimWorld/RimWorldWin64_Data/MonoBleedingEdge/data-0000029E2EA240A0.dll
Fallback handler could not load library E:/SteamLibrary/steamapps/common/RimWorld/RimWorldWin64_Data/MonoBleedingEdge/data-0000029E2EA4C6B0.dll
Fallback handler could not load library E:/SteamLibrary/steamapps/common/RimWorld/RimWorldWin64_Data/MonoBleedingEdge/data-0000029E2EA818C0.dll
Fallback handler could not load library E:/SteamLibrary/steamapps/common/RimWorld/RimWorldWin64_Data/MonoBleedingEdge/data-0000029E2EA99AD0.dll
Fallback handler could not load library E:/SteamLibrary/steamapps/common/RimWorld/RimWorldWin64_Data/MonoBleedingEdge/data-0000029E4DD72040.dll
Fallback handler could not load library E:/SteamLibrary/steamapps/common/RimWorld/RimWorldWin64_Data/MonoBleedingEdge/data-0000029E2EAC86E0.dll
Fallback handler could not load library E:/SteamLibrary/steamapps/common/RimWorld/RimWorldWin64_Data/MonoBleedingEdge/data-0000029E2EB83EF0.dll
Fallback handler could not load library E:/SteamLibrary/steamapps/common/RimWorld/RimWorldWin64_Data/MonoBleedingEdge/data-0000029E2EBC3100.dll
Fallback handler could not load library E:/SteamLibrary/steamapps/common/RimWorld/RimWorldWin64_Data/MonoBleedingEdge/data-0000029E2EBEF6E0.dll
Fallback handler could not load library E:/SteamLibrary/steamapps/common/RimWorld/RimWorldWin64_Data/MonoBleedingEdge/data-0000029E2EBD9110.dll
Fallback handler could not load library E:/SteamLibrary/steamapps/common/RimWorld/RimWorldWin64_Data/MonoBleedingEdge/data-0000029E2EBFECF0.dll
Fallback handler could not load library E:/SteamLibrary/steamapps/common/RimWorld/RimWorldWin64_Data/MonoBleedingEdge/data-0000029E2EC06700.dll
Fallback handler could not load library E:/SteamLibrary/steamapps/common/RimWorld/RimWorldWin64_Data/MonoBleedingEdge/data-0000029E2EC0B310.dll
Fallback handler could not load library E:/SteamLibrary/steamapps/common/RimWorld/RimWorldWin64_Data/MonoBleedingEdge/data-0000029E2EF2A040.dll
Fallback handler could not load library E:/SteamLibrary/steamapps/common/RimWorld/RimWorldWin64_Data/MonoBleedingEdge/data-0000029E2EF42A60.dll
Fallback handler could not load library E:/SteamLibrary/steamapps/common/RimWorld/RimWorldWin64_Data/MonoBleedingEdge/data-0000029E2EF59070.dll
Fallback handler could not load library E:/SteamLibrary/steamapps/common/RimWorld/RimWorldWin64_Data/MonoBleedingEdge/data-0000029E2EC0E120.dll
Fallback handler could not load library E:/SteamLibrary/steamapps/common/RimWorld/RimWorldWin64_Data/MonoBleedingEdge/data-0000029E2D9E0D30.dll
Fallback handler could not load library E:/SteamLibrary/steamapps/common/RimWorld/RimWorldWin64_Data/MonoBleedingEdge/data-0000029E2EC14730.dll
Fallback handler could not load library E:/SteamLibrary/steamapps/common/RimWorld/RimWorldWin64_Data/MonoBleedingEdge/data-0000029E2EF6C890.dll
Fallback handler could not load library E:/SteamLibrary/steamapps/common/RimWorld/RimWorldWin64_Data/MonoBleedingEdge/data-0000029E2EF734A0.dll
Fallback handler could not load library E:/SteamLibrary/steamapps/common/RimWorld/RimWorldWin64_Data/MonoBleedingEdge/data-0000029E2EC17D40.dll
Fallback handler could not load library E:/SteamLibrary/steamapps/common/RimWorld/RimWorldWin64_Data/MonoBleedingEdge/data-0000029E2EF7A8B0.dll
Fallback handler could not load library E:/SteamLibrary/steamapps/common/RimWorld/RimWorldWin64_Data/MonoBleedingEdge/data-0000029E2EF7E6C0.dll
Fallback handler could not load library E:/SteamLibrary/steamapps/common/RimWorld/RimWorldWin64_Data/MonoBleedingEdge/data-0000029E2EF81CD0.dll
Fallback handler could not load library E:/SteamLibrary/steamapps/common/RimWorld/RimWorldWin64_Data/MonoBleedingEdge/data-0000029E2EF8A6E0.dll
Fallback handler could not load library E:/SteamLibrary/steamapps/common/RimWorld/RimWorldWin64_Data/MonoBleedingEdge/data-0000029E2EF9AAF0.dll
Fallback handler could not load library E:/SteamLibrary/steamapps/common/RimWorld/RimWorldWin64_Data/MonoBleedingEdge/data-0000029DF6524AF0.dll
Fallback handler could not load library E:/SteamLibrary/steamapps/common/RimWorld/RimWorldWin64_Data/MonoBleedingEdge/data-0000029E2EFA4500.dll
Fallback handler could not load library E:/SteamLibrary/steamapps/common/RimWorld/RimWorldWin64_Data/MonoBleedingEdge/data-0000029E2EFAE510.dll
Fallback handler could not load library E:/SteamLibrary/steamapps/common/RimWorld/RimWorldWin64_Data/MonoBleedingEdge/data-0000029E2EFB5D20.dll
Fallback handler could not load library E:/SteamLibrary/steamapps/common/RimWorld/RimWorldWin64_Data/MonoBleedingEdge/data-0000029E2E68A1A0.dll
Fallback handler could not load library E:/SteamLibrary/steamapps/common/RimWorld/RimWorldWin64_Data/MonoBleedingEdge/data-0000029E2EFBB130.dll
Fallback handler could not load library E:/SteamLibrary/steamapps/common/RimWorld/RimWorldWin64_Data/MonoBleedingEdge/data-0000029E2EFC0740.dll
Fallback handler could not load library E:/SteamLibrary/steamapps/common/RimWorld/RimWorldWin64_Data/MonoBleedingEdge/data-0000029E2EFD2150.dll
Fallback handler could not load library E:/SteamLibrary/steamapps/common/RimWorld/RimWorldWin64_Data/MonoBleedingEdge/data-0000029E2EFD4560.dll
Fallback handler could not load library E:/SteamLibrary/steamapps/common/RimWorld/RimWorldWin64_Data/MonoBleedingEdge/data-0000029E2EFDFD70.dll
Fallback handler could not load library E:/SteamLibrary/steamapps/common/RimWorld/RimWorldWin64_Data/MonoBleedingEdge/data-0000029E2F006010.dll
Fallback handler could not load library E:/SteamLibrary/steamapps/common/RimWorld/RimWorldWin64_Data/MonoBleedingEdge/data-0000029E2F007E20.dll
Fallback handler could not load library E:/SteamLibrary/steamapps/common/RimWorld/RimWorldWin64_Data/MonoBleedingEdge/data-0000029E2F025A30.dll
Fallback handler could not load library E:/SteamLibrary/steamapps/common/RimWorld/RimWorldWin64_Data/MonoBleedingEdge/data-0000029E2F02B640.dll
Fallback handler could not load library E:/SteamLibrary/steamapps/common/RimWorld/RimWorldWin64_Data/MonoBleedingEdge/data-0000029E2F03DE50.dll
Fallback handler could not load library E:/SteamLibrary/steamapps/common/RimWorld/RimWorldWin64_Data/MonoBleedingEdge/data-0000029E2F05EA60.dll
Fallback handler could not load library E:/SteamLibrary/steamapps/common/RimWorld/RimWorldWin64_Data/MonoBleedingEdge/data-0000029E21F13490.dll
Fallback handler could not load library E:/SteamLibrary/steamapps/common/RimWorld/RimWorldWin64_Data/MonoBleedingEdge/data-0000029E21F184D0.dll
Fallback handler could not load library E:/SteamLibrary/steamapps/common/RimWorld/RimWorldWin64_Data/MonoBleedingEdge/data-0000029E2F065690.dll
Fallback handler could not load library E:/SteamLibrary/steamapps/common/RimWorld/RimWorldWin64_Data/MonoBleedingEdge/data-0000029E2F0670A0.dll
Fallback handler could not load library E:/SteamLibrary/steamapps/common/RimWorld/RimWorldWin64_Data/MonoBleedingEdge/data-0000029E2F1206C0.dll
Fallback handler could not load library E:/SteamLibrary/steamapps/common/RimWorld/RimWorldWin64_Data/MonoBleedingEdge/data-0000029E2F12D2D0.dll
Fallback handler could not load library E:/SteamLibrary/steamapps/common/RimWorld/RimWorldWin64_Data/MonoBleedingEdge/data-0000029E2F1822E0.dll
Fallback handler could not load library E:/SteamLibrary/steamapps/common/RimWorld/RimWorldWin64_Data/MonoBleedingEdge/data-0000029E2F18ACF0.dll
Fallback handler could not load library E:/SteamLibrary/steamapps/common/RimWorld/RimWorldWin64_Data/MonoBleedingEdge/data-0000029E2F191D00.dll
Fallback handler could not load library E:/SteamLibrary/steamapps/common/RimWorld/RimWorldWin64_Data/MonoBleedingEdge/data-0000029E2F198B10.dll
Fallback handler could not load library E:/SteamLibrary/steamapps/common/RimWorld/RimWorldWin64_Data/MonoBleedingEdge/data-0000029E2F1FBF20.dll
Fallback handler could not load library E:/SteamLibrary/steamapps/common/RimWorld/RimWorldWin64_Data/MonoBleedingEdge/data-0000029E2E55B8D0.dll
Fallback handler could not load library E:/SteamLibrary/steamapps/common/RimWorld/RimWorldWin64_Data/MonoBleedingEdge/data-0000029E2F1FE330.dll
Fallback handler could not load library E:/SteamLibrary/steamapps/common/RimWorld/RimWorldWin64_Data/MonoBleedingEdge/data-0000029E2F20AD40.dll
Fallback handler could not load library E:/SteamLibrary/steamapps/common/RimWorld/RimWorldWin64_Data/MonoBleedingEdge/data-0000029E2F20C950.dll
Fallback handler could not load library E:/SteamLibrary/steamapps/common/RimWorld/RimWorldWin64_Data/MonoBleedingEdge/data-0000029E2F212F60.dll
Fallback handler could not load library E:/SteamLibrary/steamapps/common/RimWorld/RimWorldWin64_Data/MonoBleedingEdge/data-0000029E2F217970.dll
Fallback handler could not load library E:/SteamLibrary/steamapps/common/RimWorld/RimWorldWin64_Data/MonoBleedingEdge/data-0000029E2F22A580.dll
Fallback handler could not load library E:/SteamLibrary/steamapps/common/RimWorld/RimWorldWin64_Data/MonoBleedingEdge/data-0000029E2F232590.dll
Fallback handler could not load library E:/SteamLibrary/steamapps/common/RimWorld/RimWorldWin64_Data/MonoBleedingEdge/data-0000029E2F25E7A0.dll
Fallback handler could not load library E:/SteamLibrary/steamapps/common/RimWorld/RimWorldWin64_Data/MonoBleedingEdge/data-0000029E2F268DB0.dll
Fallback handler could not load library E:/SteamLibrary/steamapps/common/RimWorld/RimWorldWin64_Data/MonoBleedingEdge/data-0000029E2F296FC0.dll
Fallback handler could not load library E:/SteamLibrary/steamapps/common/RimWorld/RimWorldWin64_Data/MonoBleedingEdge/data-0000029E2F298BD0.dll
Fallback handler could not load library E:/SteamLibrary/steamapps/common/RimWorld/RimWorldWin64_Data/MonoBleedingEdge/data-0000029E2F29DDE0.dll
Fallback handler could not load library E:/SteamLibrary/steamapps/common/RimWorld/RimWorldWin64_Data/MonoBleedingEdge/data-0000029E2F29F5F0.dll
Fallback handler could not load library E:/SteamLibrary/steamapps/common/RimWorld/RimWorldWin64_Data/MonoBleedingEdge/data-0000029E2F2A4400.dll
Fallback handler could not load library E:/SteamLibrary/steamapps/common/RimWorld/RimWorldWin64_Data/MonoBleedingEdge/data-0000029E2F34D810.dll
Fallback handler could not load library E:/SteamLibrary/steamapps/common/RimWorld/RimWorldWin64_Data/MonoBleedingEdge/data-0000029E2F351420.dll
Fallback handler could not load library E:/SteamLibrary/steamapps/common/RimWorld/RimWorldWin64_Data/MonoBleedingEdge/data-0000029E2F355230.dll
Fallback handler could not load library E:/SteamLibrary/steamapps/common/RimWorld/RimWorldWin64_Data/MonoBleedingEdge/data-0000029E2F360850.dll
Fallback handler could not load library E:/SteamLibrary/steamapps/common/RimWorld/RimWorldWin64_Data/MonoBleedingEdge/data-0000029E21F148A0.dll
Fallback handler could not load library E:/SteamLibrary/steamapps/common/RimWorld/RimWorldWin64_Data/MonoBleedingEdge/data-0000029E2F366A60.dll
Fallback handler could not load library E:/SteamLibrary/steamapps/common/RimWorld/RimWorldWin64_Data/MonoBleedingEdge/data-0000029E2F368E70.dll
Fallback handler could not load library E:/SteamLibrary/steamapps/common/RimWorld/RimWorldWin64_Data/MonoBleedingEdge/data-0000029E2F373130.dll
Fallback handler could not load library E:/SteamLibrary/steamapps/common/RimWorld/RimWorldWin64_Data/MonoBleedingEdge/data-0000029E2F37C490.dll
Fallback handler could not load library E:/SteamLibrary/steamapps/common/RimWorld/RimWorldWin64_Data/MonoBleedingEdge/data-0000029DF374D4C0.dll
Fallback handler could not load library E:/SteamLibrary/steamapps/common/RimWorld/RimWorldWin64_Data/MonoBleedingEdge/data-0000029E2F3938B0.dll
Fallback handler could not load library E:/SteamLibrary/steamapps/common/RimWorld/RimWorldWin64_Data/MonoBleedingEdge/data-0000029E2F3B9EC0.dll
Fallback handler could not load library E:/SteamLibrary/steamapps/common/RimWorld/RimWorldWin64_Data/MonoBleedingEdge/data-0000029E2F3CC6D0.dll
Fallback handler could not load library E:/SteamLibrary/steamapps/common/RimWorld/RimWorldWin64_Data/MonoBleedingEdge/data-0000029E2F3CE2E0.dll
Fallback handler could not load library E:/SteamLibrary/steamapps/common/RimWorld/RimWorldWin64_Data/MonoBleedingEdge/data-0000029E2F3D08F0.dll
Fallback handler could not load library E:/SteamLibrary/steamapps/common/RimWorld/RimWorldWin64_Data/MonoBleedingEdge/data-0000029E2F374340.dll
Fallback handler could not load library E:/SteamLibrary/steamapps/common/RimWorld/RimWorldWin64_Data/MonoBleedingEdge/data-0000029E4DEE0080.dll
Fallback handler could not load library E:/SteamLibrary/steamapps/common/RimWorld/RimWorldWin64_Data/MonoBleedingEdge/data-0000029E2F3E5900.dll
Fallback handler could not load library E:/SteamLibrary/steamapps/common/RimWorld/RimWorldWin64_Data/MonoBleedingEdge/data-0000029E2F40E110.dll
Fallback handler could not load library E:/SteamLibrary/steamapps/common/RimWorld/RimWorldWin64_Data/MonoBleedingEdge/data-0000029E4DF41C90.dll
Fallback handler could not load library E:/SteamLibrary/steamapps/common/RimWorld/RimWorldWin64_Data/MonoBleedingEdge/data-0000029E2F41C920.dll
Fallback handler could not load library E:/SteamLibrary/steamapps/common/RimWorld/RimWorldWin64_Data/MonoBleedingEdge/data-0000029E2E54F080.dll
Fallback handler could not load library E:/SteamLibrary/steamapps/common/RimWorld/RimWorldWin64_Data/MonoBleedingEdge/data-0000029E2F421540.dll
Fallback handler could not load library E:/SteamLibrary/steamapps/common/RimWorld/RimWorldWin64_Data/MonoBleedingEdge/data-0000029E2F422F50.dll
Fallback handler could not load library E:/SteamLibrary/steamapps/common/RimWorld/RimWorldWin64_Data/MonoBleedingEdge/data-0000029DF3747C80.dll
Fallback handler could not load library E:/SteamLibrary/steamapps/common/RimWorld/RimWorldWin64_Data/MonoBleedingEdge/data-0000029E2E551890.dll
Fallback handler could not load library E:/SteamLibrary/steamapps/common/RimWorld/RimWorldWin64_Data/MonoBleedingEdge/data-0000029E4DF698A0.dll
Fallback handler could not load library E:/SteamLibrary/steamapps/common/RimWorld/RimWorldWin64_Data/MonoBleedingEdge/data-0000029E2E682160.dll
Fallback handler could not load library E:/SteamLibrary/steamapps/common/RimWorld/RimWorldWin64_Data/MonoBleedingEdge/data-0000029E4DF808B0.dll
Fallback handler could not load library E:/SteamLibrary/steamapps/common/RimWorld/RimWorldWin64_Data/MonoBleedingEdge/data-0000029E4DF8F6C0.dll
Fallback handler could not load library E:/SteamLibrary/steamapps/common/RimWorld/RimWorldWin64_Data/MonoBleedingEdge/data-0000029E4DFA8ED0.dll
Fallback handler could not load library E:/SteamLibrary/steamapps/common/RimWorld/RimWorldWin64_Data/MonoBleedingEdge/data-0000029E4DFC22E0.dll
Fallback handler could not load library E:/SteamLibrary/steamapps/common/RimWorld/RimWorldWin64_Data/MonoBleedingEdge/data-0000029E2E67E140.dll
Fallback handler could not load library E:/SteamLibrary/steamapps/common/RimWorld/RimWorldWin64_Data/MonoBleedingEdge/data-0000029E4E05EB20.dll
Fallback handler could not load library E:/SteamLibrary/steamapps/common/RimWorld/RimWorldWin64_Data/MonoBleedingEdge/data-0000029E4E061930.dll
Fallback handler could not load library E:/SteamLibrary/steamapps/common/RimWorld/RimWorldWin64_Data/MonoBleedingEdge/data-0000029E4E028EF0.dll
Fallback handler could not load library E:/SteamLibrary/steamapps/common/RimWorld/RimWorldWin64_Data/MonoBleedingEdge/data-0000029E2F36C4D0.dll
Fallback handler could not load library E:/SteamLibrary/steamapps/common/RimWorld/RimWorldWin64_Data/MonoBleedingEdge/data-0000029DF374A8A0.dll
Fallback handler could not load library E:/SteamLibrary/steamapps/common/RimWorld/RimWorldWin64_Data/MonoBleedingEdge/data-0000029E4E030500.dll
Fallback handler could not load library E:/SteamLibrary/steamapps/common/RimWorld/RimWorldWin64_Data/MonoBleedingEdge/data-0000029E4E083750.dll
Fallback handler could not load library E:/SteamLibrary/steamapps/common/RimWorld/RimWorldWin64_Data/MonoBleedingEdge/data-0000029E4E15FD60.dll
Fallback handler could not load library E:/SteamLibrary/steamapps/common/RimWorld/RimWorldWin64_Data/MonoBleedingEdge/data-0000029E4E039720.dll
Fallback handler could not load library E:/SteamLibrary/steamapps/common/RimWorld/RimWorldWin64_Data/MonoBleedingEdge/data-0000029E4E166770.dll
Fallback handler could not load library E:/SteamLibrary/steamapps/common/RimWorld/RimWorldWin64_Data/MonoBleedingEdge/data-0000029E4E03D930.dll
Fallback handler could not load library E:/SteamLibrary/steamapps/common/RimWorld/RimWorldWin64_Data/MonoBleedingEdge/data-0000029E2E5590C0.dll
Fallback handler could not load library E:/SteamLibrary/steamapps/common/RimWorld/RimWorldWin64_Data/MonoBleedingEdge/data-0000029E4E16C580.dll
Fallback handler could not load library E:/SteamLibrary/steamapps/common/RimWorld/RimWorldWin64_Data/MonoBleedingEdge/data-0000029E21F10C70.dll
Fallback handler could not load library E:/SteamLibrary/steamapps/common/RimWorld/RimWorldWin64_Data/MonoBleedingEdge/data-0000029E4E1B1390.dll
Fallback handler could not load library E:/SteamLibrary/steamapps/common/RimWorld/RimWorldWin64_Data/MonoBleedingEdge/data-0000029E2D6E9060.dll
Fallback handler could not load library E:/SteamLibrary/steamapps/common/RimWorld/RimWorldWin64_Data/MonoBleedingEdge/data-0000029E2D6FC8C0.dll
Fallback handler could not load library E:/SteamLibrary/steamapps/common/RimWorld/RimWorldWin64_Data/MonoBleedingEdge/data-0000029E4E1E4010.dll
Fallback handler could not load library E:/SteamLibrary/steamapps/common/RimWorld/RimWorldWin64_Data/MonoBleedingEdge/data-0000029E4E1E5A20.dll
Fallback handler could not load library E:/SteamLibrary/steamapps/common/RimWorld/RimWorldWin64_Data/MonoBleedingEdge/data-0000029E4E1F2830.dll
Fallback handler could not load library E:/SteamLibrary/steamapps/common/RimWorld/RimWorldWin64_Data/MonoBleedingEdge/data-0000029E4E204840.dll
Fallback handler could not load library E:/SteamLibrary/steamapps/common/RimWorld/RimWorldWin64_Data/MonoBleedingEdge/data-0000029E4E207450.dll
Fallback handler could not load library E:/SteamLibrary/steamapps/common/RimWorld/RimWorldWin64_Data/MonoBleedingEdge/data-0000029E4E232C60.dll
Fallback handler could not load library E:/SteamLibrary/steamapps/common/RimWorld/RimWorldWin64_Data/MonoBleedingEdge/data-0000029E4E237870.dll
Fallback handler could not load library E:/SteamLibrary/steamapps/common/RimWorld/RimWorldWin64_Data/MonoBleedingEdge/data-0000029E4E23BA80.dll
Fallback handler could not load library E:/SteamLibrary/steamapps/common/RimWorld/RimWorldWin64_Data/MonoBleedingEdge/data-0000029E4E23F8A0.dll
Fallback handler could not load library E:/SteamLibrary/steamapps/common/RimWorld/RimWorldWin64_Data/MonoBleedingEdge/data-0000029E4E2534C0.dll
Fallback handler could not load library E:/SteamLibrary/steamapps/common/RimWorld/RimWorldWin64_Data/MonoBleedingEdge/data-0000029E4E2570D0.dll
Fallback handler could not load library E:/SteamLibrary/steamapps/common/RimWorld/RimWorldWin64_Data/MonoBleedingEdge/data-0000029E4E25DEE0.dll
Fallback handler could not load library E:/SteamLibrary/steamapps/common/RimWorld/RimWorldWin64_Data/MonoBleedingEdge/data-0000029E4E2658F0.dll
Fallback handler could not load library E:/SteamLibrary/steamapps/common/RimWorld/RimWorldWin64_Data/MonoBleedingEdge/data-0000029E2D6FFCD0.dll
Fallback handler could not load library E:/SteamLibrary/steamapps/common/RimWorld/RimWorldWin64_Data/MonoBleedingEdge/data-0000029E4E271500.dll
Fallback handler could not load library E:/SteamLibrary/steamapps/common/RimWorld/RimWorldWin64_Data/MonoBleedingEdge/data-0000029E4E276910.dll
Fallback handler could not load library E:/SteamLibrary/steamapps/common/RimWorld/RimWorldWin64_Data/MonoBleedingEdge/data-0000029E4E279F20.dll
Fallback handler could not load library E:/SteamLibrary/steamapps/common/RimWorld/RimWorldWin64_Data/MonoBleedingEdge/data-0000029E4E29E530.dll
Fallback handler could not load library E:/SteamLibrary/steamapps/common/RimWorld/RimWorldWin64_Data/MonoBleedingEdge/data-0000029E4E305010.dll
Fallback handler could not load library E:/SteamLibrary/steamapps/common/RimWorld/RimWorldWin64_Data/MonoBleedingEdge/data-0000029E4E30F620.dll
Fallback handler could not load library E:/SteamLibrary/steamapps/common/RimWorld/RimWorldWin64_Data/MonoBleedingEdge/data-0000029E4E320630.dll
Fallback handler could not load library E:/SteamLibrary/steamapps/common/RimWorld/RimWorldWin64_Data/MonoBleedingEdge/data-0000029E4E323040.dll
Fallback handler could not load library E:/SteamLibrary/steamapps/common/RimWorld/RimWorldWin64_Data/MonoBleedingEdge/data-0000029E4E40F250.dll
Fallback handler could not load library E:/SteamLibrary/steamapps/common/RimWorld/RimWorldWin64_Data/MonoBleedingEdge/data-0000029E4E46C460.dll
Fallback handler could not load library E:/SteamLibrary/steamapps/common/RimWorld/RimWorldWin64_Data/MonoBleedingEdge/data-0000029E21F198E0.dll
Fallback handler could not load library E:/SteamLibrary/steamapps/common/RimWorld/RimWorldWin64_Data/MonoBleedingEdge/data-0000029E2F36FB00.dll
Fallback handler could not load library E:/SteamLibrary/steamapps/common/RimWorld/RimWorldWin64_Data/MonoBleedingEdge/data-0000029E4E477070.dll
Fallback handler could not load library E:/SteamLibrary/steamapps/common/RimWorld/RimWorldWin64_Data/MonoBleedingEdge/data-0000029E4E48DEB0.dll
Fallback handler could not load library E:/SteamLibrary/steamapps/common/RimWorld/RimWorldWin64_Data/MonoBleedingEdge/data-0000029E21F1ACF0.dll
Fallback handler could not load library E:/SteamLibrary/steamapps/common/RimWorld/RimWorldWin64_Data/MonoBleedingEdge/data-0000029E21F12080.dll
Fallback handler could not load library E:/SteamLibrary/steamapps/common/RimWorld/RimWorldWin64_Data/MonoBleedingEdge/data-0000029E4E49D6C0.dll
Fallback handler could not load library E:/SteamLibrary/steamapps/common/RimWorld/RimWorldWin64_Data/MonoBleedingEdge/data-0000029E21F21140.dll
Fallback handler could not load library E:/SteamLibrary/steamapps/common/RimWorld/RimWorldWin64_Data/MonoBleedingEdge/data-0000029E2E54A060.dll
Fallback handler could not load library E:/SteamLibrary/steamapps/common/RimWorld/RimWorldWin64_Data/MonoBleedingEdge/data-0000029E4E4ABED0.dll
Fallback handler could not load library E:/SteamLibrary/steamapps/common/RimWorld/RimWorldWin64_Data/MonoBleedingEdge/data-0000029E21E82260.dll
Fallback handler could not load library E:/SteamLibrary/steamapps/common/RimWorld/RimWorldWin64_Data/MonoBleedingEdge/data-0000029E4E4AE2E0.dll
Fallback handler could not load library E:/SteamLibrary/steamapps/common/RimWorld/RimWorldWin64_Data/MonoBleedingEdge/data-0000029E4E4BCCF0.dll
Fallback handler could not load library E:/SteamLibrary/steamapps/common/RimWorld/RimWorldWin64_Data/MonoBleedingEdge/data-0000029E4E4C1100.dll
Fallback handler could not load library E:/SteamLibrary/steamapps/common/RimWorld/RimWorldWin64_Data/MonoBleedingEdge/data-0000029E4E4C2F10.dll
Fallback handler could not load library E:/SteamLibrary/steamapps/common/RimWorld/RimWorldWin64_Data/MonoBleedingEdge/data-0000029E4E4C5B20.dll
Fallback handler could not load library E:/SteamLibrary/steamapps/common/RimWorld/RimWorldWin64_Data/MonoBleedingEdge/data-0000029E4E4CF130.dll
Fallback handler could not load library E:/SteamLibrary/steamapps/common/RimWorld/RimWorldWin64_Data/MonoBleedingEdge/data-0000029E4E4D9540.dll
Fallback handler could not load library E:/SteamLibrary/steamapps/common/RimWorld/RimWorldWin64_Data/MonoBleedingEdge/data-0000029E2F370D10.dll
Fallback handler could not load library E:/SteamLibrary/steamapps/common/RimWorld/RimWorldWin64_Data/MonoBleedingEdge/data-0000029E4E4DE950.dll
Fallback handler could not load library E:/SteamLibrary/steamapps/common/RimWorld/RimWorldWin64_Data/MonoBleedingEdge/data-0000029E4E4F9360.dll
Fallback handler could not load library E:/SteamLibrary/steamapps/common/RimWorld/RimWorldWin64_Data/MonoBleedingEdge/data-0000029E4E50E970.dll
Fallback handler could not load library E:/SteamLibrary/steamapps/common/RimWorld/RimWorldWin64_Data/MonoBleedingEdge/data-0000029E4EEB8040.dll
Fallback handler could not load library E:/SteamLibrary/steamapps/common/RimWorld/RimWorldWin64_Data/MonoBleedingEdge/data-0000029E4E513180.dll
Fallback handler could not load library E:/SteamLibrary/steamapps/common/RimWorld/RimWorldWin64_Data/MonoBleedingEdge/data-0000029E4E519590.dll
Fallback handler could not load library E:/SteamLibrary/steamapps/common/RimWorld/RimWorldWin64_Data/MonoBleedingEdge/data-0000029DF3766B10.dll
Fallback handler could not load library E:/SteamLibrary/steamapps/common/RimWorld/RimWorldWin64_Data/MonoBleedingEdge/data-0000029E4E552BA0.dll
Fallback handler could not load library E:/SteamLibrary/steamapps/common/RimWorld/RimWorldWin64_Data/MonoBleedingEdge/data-0000029E4E5A85B0.dll
Fallback handler could not load library E:/SteamLibrary/steamapps/common/RimWorld/RimWorldWin64_Data/MonoBleedingEdge/data-0000029E4E5E0FC0.dll
Fallback handler could not load library E:/SteamLibrary/steamapps/common/RimWorld/RimWorldWin64_Data/MonoBleedingEdge/data-0000029E2D9DEB20.dll
Fallback handler could not load library E:/SteamLibrary/steamapps/common/RimWorld/RimWorldWin64_Data/MonoBleedingEdge/data-0000029E4F054040.dll
Fallback handler could not load library E:/SteamLibrary/steamapps/common/RimWorld/RimWorldWin64_Data/MonoBleedingEdge/data-0000029E4E63DBD0.dll
Fallback handler could not load library E:/SteamLibrary/steamapps/common/RimWorld/RimWorldWin64_Data/MonoBleedingEdge/data-0000029E4E6521E0.dll
Fallback handler could not load library E:/SteamLibrary/steamapps/common/RimWorld/RimWorldWin64_Data/MonoBleedingEdge/data-0000029E4E66CFF0.dll
Fallback handler could not load library E:/SteamLibrary/steamapps/common/RimWorld/RimWorldWin64_Data/MonoBleedingEdge/data-0000029E4E691E00.dll
Fallback handler could not load library E:/SteamLibrary/steamapps/common/RimWorld/RimWorldWin64_Data/MonoBleedingEdge/data-0000029E4E6A6C20.dll
Fallback handler could not load library E:/SteamLibrary/steamapps/common/RimWorld/RimWorldWin64_Data/MonoBleedingEdge/data-0000029E4E6ADC30.dll
Fallback handler could not load library E:/SteamLibrary/steamapps/common/RimWorld/RimWorldWin64_Data/MonoBleedingEdge/data-0000029E4E6BB040.dll
Fallback handler could not load library E:/SteamLibrary/steamapps/common/RimWorld/RimWorldWin64_Data/MonoBleedingEdge/data-0000029E4E6BDA50.dll
Fallback handler could not load library E:/SteamLibrary/steamapps/common/RimWorld/RimWorldWin64_Data/MonoBleedingEdge/data-0000029E4E6C0060.dll
Fallback handler could not load library E:/SteamLibrary/steamapps/common/RimWorld/RimWorldWin64_Data/MonoBleedingEdge/data-0000029E4E6E7260.dll
Fallback handler could not load library E:/SteamLibrary/steamapps/common/RimWorld/RimWorldWin64_Data/MonoBleedingEdge/data-0000029E4E6FC870.dll
Fallback handler could not load library E:/SteamLibrary/steamapps/common/RimWorld/RimWorldWin64_Data/MonoBleedingEdge/data-0000029E4E705480.dll
Fallback handler could not load library E:/SteamLibrary/steamapps/common/RimWorld/RimWorldWin64_Data/MonoBleedingEdge/data-0000029E4E794490.dll
Fallback handler could not load library E:/SteamLibrary/steamapps/common/RimWorld/RimWorldWin64_Data/MonoBleedingEdge/data-0000029E4E7A32A0.dll
Fallback handler could not load library E:/SteamLibrary/steamapps/common/RimWorld/RimWorldWin64_Data/MonoBleedingEdge/data-0000029E4E7AA0B0.dll
Fallback handler could not load library E:/SteamLibrary/steamapps/common/RimWorld/RimWorldWin64_Data/MonoBleedingEdge/data-0000029E4E7B84C0.dll
Fallback handler could not load library E:/SteamLibrary/steamapps/common/RimWorld/RimWorldWin64_Data/MonoBleedingEdge/data-0000029E4E7CBEF0.dll
Fallback handler could not load library E:/SteamLibrary/steamapps/common/RimWorld/RimWorldWin64_Data/MonoBleedingEdge/data-0000029E2D9DC910.dll
Fallback handler could not load library E:/SteamLibrary/steamapps/common/RimWorld/RimWorldWin64_Data/MonoBleedingEdge/data-0000029E2F375550.dll
Fallback handler could not load library E:/SteamLibrary/steamapps/common/RimWorld/RimWorldWin64_Data/MonoBleedingEdge/data-0000029E4E6D0680.dll
Fallback handler could not load library E:/SteamLibrary/steamapps/common/RimWorld/RimWorldWin64_Data/MonoBleedingEdge/data-0000029E4E7D2B10.dll
Fallback handler could not load library E:/SteamLibrary/steamapps/common/RimWorld/RimWorldWin64_Data/MonoBleedingEdge/data-0000029E4E7E7B20.dll
Fallback handler could not load library E:/SteamLibrary/steamapps/common/RimWorld/RimWorldWin64_Data/MonoBleedingEdge/data-0000029E2E55E0E0.dll
Fallback handler could not load library E:/SteamLibrary/steamapps/common/RimWorld/RimWorldWin64_Data/MonoBleedingEdge/data-0000029E4E7ECB30.dll
Fallback handler could not load library E:/SteamLibrary/steamapps/common/RimWorld/RimWorldWin64_Data/MonoBleedingEdge/data-0000029E4E7F2140.dll
Fallback handler could not load library E:/SteamLibrary/steamapps/common/RimWorld/RimWorldWin64_Data/MonoBleedingEdge/data-0000029E4E7F5150.dll
Fallback handler could not load library E:/SteamLibrary/steamapps/common/RimWorld/RimWorldWin64_Data/MonoBleedingEdge/data-0000029E4E6D3890.dll
Fallback handler could not load library E:/SteamLibrary/steamapps/common/RimWorld/RimWorldWin64_Data/MonoBleedingEdge/data-0000029E4E7FF960.dll
Fallback handler could not load library E:/SteamLibrary/steamapps/common/RimWorld/RimWorldWin64_Data/MonoBleedingEdge/data-0000029E4E808370.dll
Fallback handler could not load library E:/SteamLibrary/steamapps/common/RimWorld/RimWorldWin64_Data/MonoBleedingEdge/data-0000029E4E823F80.dll
Fallback handler could not load library E:/SteamLibrary/steamapps/common/RimWorld/RimWorldWin64_Data/MonoBleedingEdge/data-0000029E4E833190.dll
Fallback handler could not load library E:/SteamLibrary/steamapps/common/RimWorld/RimWorldWin64_Data/MonoBleedingEdge/data-0000029E4E8475A0.dll
Fallback handler could not load library E:/SteamLibrary/steamapps/common/RimWorld/RimWorldWin64_Data/MonoBleedingEdge/data-0000029E4E849BB0.dll
Fallback handler could not load library E:/SteamLibrary/steamapps/common/RimWorld/RimWorldWin64_Data/MonoBleedingEdge/data-0000029E4E84D1C0.dll
Fallback handler could not load library E:/SteamLibrary/steamapps/common/RimWorld/RimWorldWin64_Data/MonoBleedingEdge/data-0000029E4E850FD0.dll
Fallback handler could not load library E:/SteamLibrary/steamapps/common/RimWorld/RimWorldWin64_Data/MonoBleedingEdge/data-0000029E4E8547E0.dll
Fallback handler could not load library E:/SteamLibrary/steamapps/common/RimWorld/RimWorldWin64_Data/MonoBleedingEdge/data-0000029E4E8737F0.dll
Fallback handler could not load library E:/SteamLibrary/steamapps/common/RimWorld/RimWorldWin64_Data/MonoBleedingEdge/data-0000029E4E8D3A10.dll
Fallback handler could not load library E:/SteamLibrary/steamapps/common/RimWorld/RimWorldWin64_Data/MonoBleedingEdge/data-0000029E4E908420.dll
Fallback handler could not load library E:/SteamLibrary/steamapps/common/RimWorld/RimWorldWin64_Data/MonoBleedingEdge/data-0000029E4E90E030.dll
Fallback handler could not load library E:/SteamLibrary/steamapps/common/RimWorld/RimWorldWin64_Data/MonoBleedingEdge/data-0000029E4E918040.dll
Fallback handler could not load library E:/SteamLibrary/steamapps/common/RimWorld/RimWorldWin64_Data/MonoBleedingEdge/data-0000029E4E91B850.dll
Fallback handler could not load library E:/SteamLibrary/steamapps/common/RimWorld/RimWorldWin64_Data/MonoBleedingEdge/data-0000029E21F1C100.dll
Fallback handler could not load library E:/SteamLibrary/steamapps/common/RimWorld/RimWorldWin64_Data/MonoBleedingEdge/data-0000029E4E927A70.dll
Fallback handler could not load library E:/SteamLibrary/steamapps/common/RimWorld/RimWorldWin64_Data/MonoBleedingEdge/data-0000029E4E933880.dll
Fallback handler could not load library E:/SteamLibrary/steamapps/common/RimWorld/RimWorldWin64_Data/MonoBleedingEdge/data-0000029E4E93CA90.dll
Fallback handler could not load library E:/SteamLibrary/steamapps/common/RimWorld/RimWorldWin64_Data/MonoBleedingEdge/data-0000029E4E9420A0.dll
Fallback handler could not load library E:/SteamLibrary/steamapps/common/RimWorld/RimWorldWin64_Data/MonoBleedingEdge/data-0000029E4E98A010.dll
Fallback handler could not load library E:/SteamLibrary/steamapps/common/RimWorld/RimWorldWin64_Data/MonoBleedingEdge/data-0000029E4E9A1E20.dll
Fallback handler could not load library E:/SteamLibrary/steamapps/common/RimWorld/RimWorldWin64_Data/MonoBleedingEdge/data-0000029E4E9AA630.dll
Fallback handler could not load library E:/SteamLibrary/steamapps/common/RimWorld/RimWorldWin64_Data/MonoBleedingEdge/data-0000029E4E9AFE50.dll
Fallback handler could not load library E:/SteamLibrary/steamapps/common/RimWorld/RimWorldWin64_Data/MonoBleedingEdge/data-0000029E4E9B4660.dll
Fallback handler could not load library E:/SteamLibrary/steamapps/common/RimWorld/RimWorldWin64_Data/MonoBleedingEdge/data-0000029E4EA06870.dll
Fallback handler could not load library E:/SteamLibrary/steamapps/common/RimWorld/RimWorldWin64_Data/MonoBleedingEdge/data-0000029E4EA2B080.dll
Fallback handler could not load library E:/SteamLibrary/steamapps/common/RimWorld/RimWorldWin64_Data/MonoBleedingEdge/data-0000029E4EA43690.dll
Fallback handler could not load library E:/SteamLibrary/steamapps/common/RimWorld/RimWorldWin64_Data/MonoBleedingEdge/data-0000029E4EA56AA0.dll
Fallback handler could not load library E:/SteamLibrary/steamapps/common/RimWorld/RimWorldWin64_Data/MonoBleedingEdge/data-0000029E4EA824B0.dll
Fallback handler could not load library E:/SteamLibrary/steamapps/common/RimWorld/RimWorldWin64_Data/MonoBleedingEdge/data-0000029E4EAB1EC0.dll
Fallback handler could not load library E:/SteamLibrary/steamapps/common/RimWorld/RimWorldWin64_Data/MonoBleedingEdge/data-0000029E4EAB98D0.dll
Fallback handler could not load library E:/SteamLibrary/steamapps/common/RimWorld/RimWorldWin64_Data/MonoBleedingEdge/data-0000029E4EAC26E0.dll
Fallback handler could not load library E:/SteamLibrary/steamapps/common/RimWorld/RimWorldWin64_Data/MonoBleedingEdge/data-0000029E4EAD42F0.dll
Fallback handler could not load library E:/SteamLibrary/steamapps/common/RimWorld/RimWorldWin64_Data/MonoBleedingEdge/data-0000029E4EAD9700.dll
Fallback handler could not load library E:/SteamLibrary/steamapps/common/RimWorld/RimWorldWin64_Data/MonoBleedingEdge/data-0000029E4EADCF10.dll
Fallback handler could not load library E:/SteamLibrary/steamapps/common/RimWorld/RimWorldWin64_Data/MonoBleedingEdge/data-0000029E2D7030E0.dll
Fallback handler could not load library E:/SteamLibrary/steamapps/common/RimWorld/RimWorldWin64_Data/MonoBleedingEdge/data-0000029E4EAE8720.dll
Fallback handler could not load library E:/SteamLibrary/steamapps/common/RimWorld/RimWorldWin64_Data/MonoBleedingEdge/data-0000029E4EB0BF40.dll
Fallback handler could not load library E:/SteamLibrary/steamapps/common/RimWorld/RimWorldWin64_Data/MonoBleedingEdge/data-0000029DF3786B90.dll
Fallback handler could not load library E:/SteamLibrary/steamapps/common/RimWorld/RimWorldWin64_Data/MonoBleedingEdge/data-0000029E4EB20360.dll
Fallback handler could not load library E:/SteamLibrary/steamapps/common/RimWorld/RimWorldWin64_Data/MonoBleedingEdge/data-0000029E4F2B6040.dll
Fallback handler could not load library E:/SteamLibrary/steamapps/common/RimWorld/RimWorldWin64_Data/MonoBleedingEdge/data-0000029E4EB23D80.dll
Fallback handler could not load library E:/SteamLibrary/steamapps/common/RimWorld/RimWorldWin64_Data/MonoBleedingEdge/data-0000029E4EB42390.dll
Fallback handler could not load library E:/SteamLibrary/steamapps/common/RimWorld/RimWorldWin64_Data/MonoBleedingEdge/data-0000029E4EB4C3A0.dll
Fallback handler could not load library E:/SteamLibrary/steamapps/common/RimWorld/RimWorldWin64_Data/MonoBleedingEdge/data-0000029E4EB53BB0.dll
Fallback handler could not load library E:/SteamLibrary/steamapps/common/RimWorld/RimWorldWin64_Data/MonoBleedingEdge/data-0000029E4EB725C0.dll
Fallback handler could not load library E:/SteamLibrary/steamapps/common/RimWorld/RimWorldWin64_Data/MonoBleedingEdge/data-0000029E4EBBB5D0.dll
Fallback handler could not load library E:/SteamLibrary/steamapps/common/RimWorld/RimWorldWin64_Data/MonoBleedingEdge/data-0000029E4EC425E0.dll
Fallback handler could not load library E:/SteamLibrary/steamapps/common/RimWorld/RimWorldWin64_Data/MonoBleedingEdge/data-0000029E4EC60A00.dll
Fallback handler could not load library E:/SteamLibrary/steamapps/common/RimWorld/RimWorldWin64_Data/MonoBleedingEdge/data-0000029E4EC6FA10.dll
Fallback handler could not load library E:/SteamLibrary/steamapps/common/RimWorld/RimWorldWin64_Data/MonoBleedingEdge/data-0000029E4EC71420.dll
Fallback handler could not load library E:/SteamLibrary/steamapps/common/RimWorld/RimWorldWin64_Data/MonoBleedingEdge/data-0000029E2D9E5150.dll
Fallback handler could not load library E:/SteamLibrary/steamapps/common/RimWorld/RimWorldWin64_Data/MonoBleedingEdge/data-0000029E4EC76030.dll
Fallback handler could not load library E:/SteamLibrary/steamapps/common/RimWorld/RimWorldWin64_Data/MonoBleedingEdge/data-0000029E4EC78440.dll
Fallback handler could not load library E:/SteamLibrary/steamapps/common/RimWorld/RimWorldWin64_Data/MonoBleedingEdge/data-0000029DF3749290.dll
Fallback handler could not load library E:/SteamLibrary/steamapps/common/RimWorld/RimWorldWin64_Data/MonoBleedingEdge/data-0000029E4EC7D650.dll
Fallback handler could not load library E:/SteamLibrary/steamapps/common/RimWorld/RimWorldWin64_Data/MonoBleedingEdge/data-0000029E4EC7F460.dll
Fallback handler could not load library E:/SteamLibrary/steamapps/common/RimWorld/RimWorldWin64_Data/MonoBleedingEdge/data-0000029E4EC80E70.dll
Fallback handler could not load library E:/SteamLibrary/steamapps/common/RimWorld/RimWorldWin64_Data/MonoBleedingEdge/data-0000029E4ECB6A80.dll
Fallback handler could not load library E:/SteamLibrary/steamapps/common/RimWorld/RimWorldWin64_Data/MonoBleedingEdge/data-0000029E4ECB8290.dll
Fallback handler could not load library E:/SteamLibrary/steamapps/common/RimWorld/RimWorldWin64_Data/MonoBleedingEdge/data-0000029E4ECC0AB0.dll
Fallback handler could not load library E:/SteamLibrary/steamapps/common/RimWorld/RimWorldWin64_Data/MonoBleedingEdge/data-0000029E4ECCB8C0.dll
Fallback handler could not load library E:/SteamLibrary/steamapps/common/RimWorld/RimWorldWin64_Data/MonoBleedingEdge/data-0000029E4ECD14D0.dll
Fallback handler could not load library E:/SteamLibrary/steamapps/common/RimWorld/RimWorldWin64_Data/MonoBleedingEdge/data-0000029E4ECDDAE0.dll
Fallback handler could not load library E:/SteamLibrary/steamapps/common/RimWorld/RimWorldWin64_Data/MonoBleedingEdge/data-0000029E4ECF4EF0.dll
Fallback handler could not load library E:/SteamLibrary/steamapps/common/RimWorld/RimWorldWin64_Data/MonoBleedingEdge/data-0000029E4ECF6B00.dll
Fallback handler could not load library E:/SteamLibrary/steamapps/common/RimWorld/RimWorldWin64_Data/MonoBleedingEdge/data-0000029E4ECF8710.dll
Fallback handler could not load library E:/SteamLibrary/steamapps/common/RimWorld/RimWorldWin64_Data/MonoBleedingEdge/data-0000029E4ED39B20.dll
Fallback handler could not load library E:/SteamLibrary/steamapps/common/RimWorld/RimWorldWin64_Data/MonoBleedingEdge/data-0000029E4ED43930.dll
Fallback handler could not load library E:/SteamLibrary/steamapps/common/RimWorld/RimWorldWin64_Data/MonoBleedingEdge/data-0000029E4ED89B40.dll
Fallback handler could not load library E:/SteamLibrary/steamapps/common/RimWorld/RimWorldWin64_Data/MonoBleedingEdge/data-0000029E4ED8D150.dll
Fallback handler could not load library E:/SteamLibrary/steamapps/common/RimWorld/RimWorldWin64_Data/MonoBleedingEdge/data-0000029E4EDC1560.dll
Fallback handler could not load library E:/SteamLibrary/steamapps/common/RimWorld/RimWorldWin64_Data/MonoBleedingEdge/data-0000029E4F655040.dll
Fallback handler could not load library E:/SteamLibrary/steamapps/common/RimWorld/RimWorldWin64_Data/MonoBleedingEdge/data-0000029DF3745060.dll
Fallback handler could not load library E:/SteamLibrary/steamapps/common/RimWorld/RimWorldWin64_Data/MonoBleedingEdge/data-0000029E4EDCDB70.dll
Fallback handler could not load library E:/SteamLibrary/steamapps/common/RimWorld/RimWorldWin64_Data/MonoBleedingEdge/data-0000029E2E54C870.dll
Fallback handler could not load library E:/SteamLibrary/steamapps/common/RimWorld/RimWorldWin64_Data/MonoBleedingEdge/data-0000029E4EDD4990.dll
Fallback handler could not load library E:/SteamLibrary/steamapps/common/RimWorld/RimWorldWin64_Data/MonoBleedingEdge/data-0000029E4EDD87A0.dll
Fallback handler could not load library E:/SteamLibrary/steamapps/common/RimWorld/RimWorldWin64_Data/MonoBleedingEdge/data-0000029E4EDDB1B0.dll
Fallback handler could not load library E:/SteamLibrary/steamapps/common/RimWorld/RimWorldWin64_Data/MonoBleedingEdge/data-0000029E4EDDFBD0.dll
Fallback handler could not load library E:/SteamLibrary/steamapps/common/RimWorld/RimWorldWin64_Data/MonoBleedingEdge/data-0000029E2F36E8F0.dll
Fallback handler could not load library E:/SteamLibrary/steamapps/common/RimWorld/RimWorldWin64_Data/MonoBleedingEdge/data-0000029E2E68E1C0.dll
Fallback handler could not load library E:/SteamLibrary/steamapps/common/RimWorld/RimWorldWin64_Data/MonoBleedingEdge/data-0000029E4EDF7010.dll
Fallback handler could not load library E:/SteamLibrary/steamapps/common/RimWorld/RimWorldWin64_Data/MonoBleedingEdge/data-0000029E4EDF9620.dll
Fallback handler could not load library E:/SteamLibrary/steamapps/common/RimWorld/RimWorldWin64_Data/MonoBleedingEdge/data-0000029E4EDFAE30.dll
Fallback handler could not load library E:/SteamLibrary/steamapps/common/RimWorld/RimWorldWin64_Data/MonoBleedingEdge/data-0000029E4EDFD240.dll
Fallback handler could not load library E:/SteamLibrary/steamapps/common/RimWorld/RimWorldWin64_Data/MonoBleedingEdge/data-0000029E4EE00850.dll
Fallback handler could not load library E:/SteamLibrary/steamapps/common/RimWorld/RimWorldWin64_Data/MonoBleedingEdge/data-0000029E2F371F20.dll
Fallback handler could not load library E:/SteamLibrary/steamapps/common/RimWorld/RimWorldWin64_Data/MonoBleedingEdge/data-0000029E4EE0E870.dll
Fallback handler could not load library E:/SteamLibrary/steamapps/common/RimWorld/RimWorldWin64_Data/MonoBleedingEdge/data-0000029E4EE13A80.dll
Fallback handler could not load library E:/SteamLibrary/steamapps/common/RimWorld/RimWorldWin64_Data/MonoBleedingEdge/data-0000029E4EE17890.dll
Fallback handler could not load library E:/SteamLibrary/steamapps/common/RimWorld/RimWorldWin64_Data/MonoBleedingEdge/data-0000029E4EE1A4A0.dll
Fallback handler could not load library E:/SteamLibrary/steamapps/common/RimWorld/RimWorldWin64_Data/MonoBleedingEdge/data-0000029DF374BEB0.dll
Fallback handler could not load library E:/SteamLibrary/steamapps/common/RimWorld/RimWorldWin64_Data/MonoBleedingEdge/data-0000029E4EE1EEC0.dll
Fallback handler could not load library E:/SteamLibrary/steamapps/common/RimWorld/RimWorldWin64_Data/MonoBleedingEdge/data-0000029E2E680150.dll
Fallback handler could not load library E:/SteamLibrary/steamapps/common/RimWorld/RimWorldWin64_Data/MonoBleedingEdge/data-0000029E2D9E7360.dll
Fallback handler could not load library E:/SteamLibrary/steamapps/common/RimWorld/RimWorldWin64_Data/MonoBleedingEdge/data-0000029E2E5540A0.dll
Fallback handler could not load library E:/SteamLibrary/steamapps/common/RimWorld/RimWorldWin64_Data/MonoBleedingEdge/data-0000029E4EE2A4E0.dll
Fallback handler could not load library E:/SteamLibrary/steamapps/common/RimWorld/RimWorldWin64_Data/MonoBleedingEdge/data-0000029E4EE2DAF0.dll
Fallback handler could not load library E:/SteamLibrary/steamapps/common/RimWorld/RimWorldWin64_Data/MonoBleedingEdge/data-0000029E21F26180.dll
Fallback handler could not load library E:/SteamLibrary/steamapps/common/RimWorld/RimWorldWin64_Data/MonoBleedingEdge/data-0000029E4EE71010.dll
Fallback handler could not load library E:/SteamLibrary/steamapps/common/RimWorld/RimWorldWin64_Data/MonoBleedingEdge/data-0000029DF3746670.dll
Fallback handler could not load library E:/SteamLibrary/steamapps/common/RimWorld/RimWorldWin64_Data/MonoBleedingEdge/data-0000029E4EE73C20.dll
Fallback handler could not load library E:/SteamLibrary/steamapps/common/RimWorld/RimWorldWin64_Data/MonoBleedingEdge/data-0000029E4EE76030.dll
Fallback handler could not load library E:/SteamLibrary/steamapps/common/RimWorld/RimWorldWin64_Data/MonoBleedingEdge/data-0000029E2D6F2C90.dll
Fallback handler could not load library E:/SteamLibrary/steamapps/common/RimWorld/RimWorldWin64_Data/MonoBleedingEdge/data-0000029E4EE77C40.dll
Fallback handler could not load library E:/SteamLibrary/steamapps/common/RimWorld/RimWorldWin64_Data/MonoBleedingEdge/data-0000029E4EE79A50.dll
Fallback handler could not load library E:/SteamLibrary/steamapps/common/RimWorld/RimWorldWin64_Data/MonoBleedingEdge/data-0000029E4EE7B860.dll
Fallback handler could not load library E:/SteamLibrary/steamapps/common/RimWorld/RimWorldWin64_Data/MonoBleedingEdge/data-0000029E2D9D84F0.dll
Fallback handler could not load library E:/SteamLibrary/steamapps/common/RimWorld/RimWorldWin64_Data/MonoBleedingEdge/data-0000029E4EE7D670.dll
Fallback handler could not load library E:/SteamLibrary/steamapps/common/RimWorld/RimWorldWin64_Data/MonoBleedingEdge/data-0000029E4EE84E80.dll
Fallback handler could not load library E:/SteamLibrary/steamapps/common/RimWorld/RimWorldWin64_Data/MonoBleedingEdge/data-0000029E2E69A220.dll
Fallback handler could not load library E:/SteamLibrary/steamapps/common/RimWorld/RimWorldWin64_Data/MonoBleedingEdge/data-0000029E4EE89890.dll
Fallback handler could not load library E:/SteamLibrary/steamapps/common/RimWorld/RimWorldWin64_Data/MonoBleedingEdge/data-0000029E4EE930A0.dll
Fallback handler could not load library E:/SteamLibrary/steamapps/common/RimWorld/RimWorldWin64_Data/MonoBleedingEdge/data-0000029E4F820080.dll
Fallback handler could not load library E:/SteamLibrary/steamapps/common/RimWorld/RimWorldWin64_Data/MonoBleedingEdge/data-0000029DF37500E0.dll
Fallback handler could not load library E:/SteamLibrary/steamapps/common/RimWorld/RimWorldWin64_Data/MonoBleedingEdge/data-0000029E4F879290.dll
Fallback handler could not load library E:/SteamLibrary/steamapps/common/RimWorld/RimWorldWin64_Data/MonoBleedingEdge/data-0000029E4EE960B0.dll
Fallback handler could not load library E:/SteamLibrary/steamapps/common/RimWorld/RimWorldWin64_Data/MonoBleedingEdge/data-0000029E4F8FADB0.dll
Fallback handler could not load library E:/SteamLibrary/steamapps/common/RimWorld/RimWorldWin64_Data/MonoBleedingEdge/data-0000029E4F8E20A0.dll
Fallback handler could not load library E:/SteamLibrary/steamapps/common/RimWorld/RimWorldWin64_Data/MonoBleedingEdge/data-0000029E4F91E990.dll
Fallback handler could not load library E:/SteamLibrary/steamapps/common/RimWorld/RimWorldWin64_Data/MonoBleedingEdge/data-0000029E4F9757A0.dll
Fallback handler could not load library E:/SteamLibrary/steamapps/common/RimWorld/RimWorldWin64_Data/MonoBleedingEdge/data-0000029E4F9C5FB0.dll
Fallback handler could not load library E:/SteamLibrary/steamapps/common/RimWorld/RimWorldWin64_Data/MonoBleedingEdge/data-0000029E4F9D35C0.dll
Fallback handler could not load library E:/SteamLibrary/steamapps/common/RimWorld/RimWorldWin64_Data/MonoBleedingEdge/data-0000029DF37516F0.dll
Fallback handler could not load library E:/SteamLibrary/steamapps/common/RimWorld/RimWorldWin64_Data/MonoBleedingEdge/data-0000029E4FA69FD0.dll
Fallback handler could not load library E:/SteamLibrary/steamapps/common/RimWorld/RimWorldWin64_Data/MonoBleedingEdge/data-0000029E4FA6CBE0.dll
Fallback handler could not load library E:/SteamLibrary/steamapps/common/RimWorld/RimWorldWin64_Data/MonoBleedingEdge/data-0000029E2E6901D0.dll
Fallback handler could not load library E:/SteamLibrary/steamapps/common/RimWorld/RimWorldWin64_Data/MonoBleedingEdge/data-0000029E2D6EC470.dll
Fallback handler could not load library E:/SteamLibrary/steamapps/common/RimWorld/RimWorldWin64_Data/MonoBleedingEdge/data-0000029E4FA78BF0.dll
Fallback handler could not load library E:/SteamLibrary/steamapps/common/RimWorld/RimWorldWin64_Data/MonoBleedingEdge/data-0000029E4FA89000.dll
Fallback handler could not load library E:/SteamLibrary/steamapps/common/RimWorld/RimWorldWin64_Data/MonoBleedingEdge/data-0000029E4FA92410.dll
Fallback handler could not load library E:/SteamLibrary/steamapps/common/RimWorld/RimWorldWin64_Data/MonoBleedingEdge/data-0000029E4FAAB220.dll
Fallback handler could not load library E:/SteamLibrary/steamapps/common/RimWorld/RimWorldWin64_Data/MonoBleedingEdge/data-0000029E4FAB6430.dll
Fallback handler could not load library E:/SteamLibrary/steamapps/common/RimWorld/RimWorldWin64_Data/MonoBleedingEdge/data-0000029E4FABAA40.dll
Fallback handler could not load library E:/SteamLibrary/steamapps/common/RimWorld/RimWorldWin64_Data/MonoBleedingEdge/data-0000029E4FAC1650.dll
Fallback handler could not load library E:/SteamLibrary/steamapps/common/RimWorld/RimWorldWin64_Data/MonoBleedingEdge/data-0000029E4FAC5860.dll
Fallback handler could not load library E:/SteamLibrary/steamapps/common/RimWorld/RimWorldWin64_Data/MonoBleedingEdge/data-0000029E4EEACED0.dll
Fallback handler could not load library E:/SteamLibrary/steamapps/common/RimWorld/RimWorldWin64_Data/MonoBleedingEdge/data-0000029E4FACF470.dll
Fallback handler could not load library E:/SteamLibrary/steamapps/common/RimWorld/RimWorldWin64_Data/MonoBleedingEdge/data-0000029E4FAD2E90.dll
Fallback handler could not load library E:/SteamLibrary/steamapps/common/RimWorld/RimWorldWin64_Data/MonoBleedingEdge/data-0000029E4FAD7EA0.dll
Fallback handler could not load library E:/SteamLibrary/steamapps/common/RimWorld/RimWorldWin64_Data/MonoBleedingEdge/data-0000029E4FADBAB0.dll
Fallback handler could not load library E:/SteamLibrary/steamapps/common/RimWorld/RimWorldWin64_Data/MonoBleedingEdge/data-0000029E4FADD8C0.dll
Fallback handler could not load library E:/SteamLibrary/steamapps/common/RimWorld/RimWorldWin64_Data/MonoBleedingEdge/data-0000029E4FB15ED0.dll
Fallback handler could not load library E:/SteamLibrary/steamapps/common/RimWorld/RimWorldWin64_Data/MonoBleedingEdge/data-0000029E4FB196E0.dll
Fallback handler could not load library E:/SteamLibrary/steamapps/common/RimWorld/RimWorldWin64_Data/MonoBleedingEdge/data-0000029E4FB32CF0.dll
Fallback handler could not load library E:/SteamLibrary/steamapps/common/RimWorld/RimWorldWin64_Data/MonoBleedingEdge/data-0000029E4FB34B00.dll
Fallback handler could not load library E:/SteamLibrary/steamapps/common/RimWorld/RimWorldWin64_Data/MonoBleedingEdge/data-0000029E21F1E920.dll
Fallback handler could not load library E:/SteamLibrary/steamapps/common/RimWorld/RimWorldWin64_Data/MonoBleedingEdge/data-0000029E4FB38110.dll
Fallback handler could not load library E:/SteamLibrary/steamapps/common/RimWorld/RimWorldWin64_Data/MonoBleedingEdge/data-0000029E4FB3F930.dll
Fallback handler could not load library E:/SteamLibrary/steamapps/common/RimWorld/RimWorldWin64_Data/MonoBleedingEdge/data-0000029E507F4040.dll
Fallback handler could not load library E:/SteamLibrary/steamapps/common/RimWorld/RimWorldWin64_Data/MonoBleedingEdge/data-0000029E4FB6FB40.dll
Fallback handler could not load library E:/SteamLibrary/steamapps/common/RimWorld/RimWorldWin64_Data/MonoBleedingEdge/data-0000029E4FB82950.dll
Fallback handler could not load library E:/SteamLibrary/steamapps/common/RimWorld/RimWorldWin64_Data/MonoBleedingEdge/data-0000029E4FB97F60.dll
Fallback handler could not load library E:/SteamLibrary/steamapps/common/RimWorld/RimWorldWin64_Data/MonoBleedingEdge/data-0000029E4F8E80B0.dll
Fallback handler could not load library E:/SteamLibrary/steamapps/common/RimWorld/RimWorldWin64_Data/MonoBleedingEdge/data-0000029E4FB9A570.dll
Fallback handler could not load library E:/SteamLibrary/steamapps/common/RimWorld/RimWorldWin64_Data/MonoBleedingEdge/data-0000029E4FBDF010.dll
Fallback handler could not load library E:/SteamLibrary/steamapps/common/RimWorld/RimWorldWin64_Data/MonoBleedingEdge/data-0000029E4FBF2E30.dll
Fallback handler could not load library E:/SteamLibrary/steamapps/common/RimWorld/RimWorldWin64_Data/MonoBleedingEdge/data-0000029E2D6EF880.dll
Fallback handler could not load library E:/SteamLibrary/steamapps/common/RimWorld/RimWorldWin64_Data/MonoBleedingEdge/data-0000029E4FBF7640.dll
Fallback handler could not load library E:/SteamLibrary/steamapps/common/RimWorld/RimWorldWin64_Data/MonoBleedingEdge/data-0000029E4FC4D050.dll
Fallback handler could not load library E:/SteamLibrary/steamapps/common/RimWorld/RimWorldWin64_Data/MonoBleedingEdge/data-0000029E4FC51660.dll
Fallback handler could not load library E:/SteamLibrary/steamapps/common/RimWorld/RimWorldWin64_Data/MonoBleedingEdge/data-0000029E4FC53070.dll
Fallback handler could not load library E:/SteamLibrary/steamapps/common/RimWorld/RimWorldWin64_Data/MonoBleedingEdge/data-0000029E4FC55680.dll
Fallback handler could not load library E:/SteamLibrary/steamapps/common/RimWorld/RimWorldWin64_Data/MonoBleedingEdge/data-0000029E4FC78490.dll
Fallback handler could not load library E:/SteamLibrary/steamapps/common/RimWorld/RimWorldWin64_Data/MonoBleedingEdge/data-0000029E4FCDB2A0.dll
Fallback handler could not load library E:/SteamLibrary/steamapps/common/RimWorld/RimWorldWin64_Data/MonoBleedingEdge/data-0000029E4FCECCB0.dll
Fallback handler could not load library E:/SteamLibrary/steamapps/common/RimWorld/RimWorldWin64_Data/MonoBleedingEdge/data-0000029E4FCEF6C0.dll
Fallback handler could not load library E:/SteamLibrary/steamapps/common/RimWorld/RimWorldWin64_Data/MonoBleedingEdge/data-0000029E2D6F60A0.dll
Fallback handler could not load library E:/SteamLibrary/steamapps/common/RimWorld/RimWorldWin64_Data/MonoBleedingEdge/data-0000029E4FD07AE0.dll
Fallback handler could not load library E:/SteamLibrary/steamapps/common/RimWorld/RimWorldWin64_Data/MonoBleedingEdge/data-0000029E4FD1D4F0.dll
Fallback handler could not load library E:/SteamLibrary/steamapps/common/RimWorld/RimWorldWin64_Data/MonoBleedingEdge/data-0000029E4FD4E020.dll
Fallback handler could not load library E:/SteamLibrary/steamapps/common/RimWorld/RimWorldWin64_Data/MonoBleedingEdge/data-0000029E4FCF76D0.dll
Fallback handler could not load library E:/SteamLibrary/steamapps/common/RimWorld/RimWorldWin64_Data/MonoBleedingEdge/data-0000029E4FD52E30.dll
Fallback handler could not load library E:/SteamLibrary/steamapps/common/RimWorld/RimWorldWin64_Data/MonoBleedingEdge/data-0000029E4FD5DE40.dll
Fallback handler could not load library E:/SteamLibrary/steamapps/common/RimWorld/RimWorldWin64_Data/MonoBleedingEdge/data-0000029E4FD69250.dll
Fallback handler could not load library E:/SteamLibrary/steamapps/common/RimWorld/RimWorldWin64_Data/MonoBleedingEdge/data-0000029E4FE16660.dll
Fallback handler could not load library E:/SteamLibrary/steamapps/common/RimWorld/RimWorldWin64_Data/MonoBleedingEdge/data-0000029E50AB9040.dll
Fallback handler could not load library E:/SteamLibrary/steamapps/common/RimWorld/RimWorldWin64_Data/MonoBleedingEdge/data-0000029E4FE26870.dll
Fallback handler could not load library E:/SteamLibrary/steamapps/common/RimWorld/RimWorldWin64_Data/MonoBleedingEdge/data-0000029E4FE28680.dll
Fallback handler could not load library E:/SteamLibrary/steamapps/common/RimWorld/RimWorldWin64_Data/MonoBleedingEdge/data-0000029E4FE33C90.dll
Fallback handler could not load library E:/SteamLibrary/steamapps/common/RimWorld/RimWorldWin64_Data/MonoBleedingEdge/data-0000029E4FE390A0.dll
Fallback handler could not load library E:/SteamLibrary/steamapps/common/RimWorld/RimWorldWin64_Data/MonoBleedingEdge/data-0000029E4FEDECB0.dll
Fallback handler could not load library E:/SteamLibrary/steamapps/common/RimWorld/RimWorldWin64_Data/MonoBleedingEdge/data-0000029E4FEE54C0.dll
Fallback handler could not load library E:/SteamLibrary/steamapps/common/RimWorld/RimWorldWin64_Data/MonoBleedingEdge/data-0000029E4FEE98D0.dll
Fallback handler could not load library E:/SteamLibrary/steamapps/common/RimWorld/RimWorldWin64_Data/MonoBleedingEdge/data-0000029E4FEF0CE0.dll
Fallback handler could not load library E:/SteamLibrary/steamapps/common/RimWorld/RimWorldWin64_Data/MonoBleedingEdge/data-0000029E4FEF6AF0.dll
Fallback handler could not load library E:/SteamLibrary/steamapps/common/RimWorld/RimWorldWin64_Data/MonoBleedingEdge/data-0000029E4FEFD300.dll
Fallback handler could not load library E:/SteamLibrary/steamapps/common/RimWorld/RimWorldWin64_Data/MonoBleedingEdge/data-0000029E4FF04B10.dll
Fallback handler could not load library E:/SteamLibrary/steamapps/common/RimWorld/RimWorldWin64_Data/MonoBleedingEdge/data-0000029E4FF17F20.dll
Fallback handler could not load library E:/SteamLibrary/steamapps/common/RimWorld/RimWorldWin64_Data/MonoBleedingEdge/data-0000029E4FFA8130.dll
Fallback handler could not load library E:/SteamLibrary/steamapps/common/RimWorld/RimWorldWin64_Data/MonoBleedingEdge/data-0000029E5001ED40.dll
Fallback handler could not load library E:/SteamLibrary/steamapps/common/RimWorld/RimWorldWin64_Data/MonoBleedingEdge/data-0000029E50057960.dll
Fallback handler could not load library E:/SteamLibrary/steamapps/common/RimWorld/RimWorldWin64_Data/MonoBleedingEdge/data-0000029E50059770.dll
Fallback handler could not load library E:/SteamLibrary/steamapps/common/RimWorld/RimWorldWin64_Data/MonoBleedingEdge/data-0000029E50083380.dll
Fallback handler could not load library E:/SteamLibrary/steamapps/common/RimWorld/RimWorldWin64_Data/MonoBleedingEdge/data-0000029E5008D790.dll
Fallback handler could not load library E:/SteamLibrary/steamapps/common/RimWorld/RimWorldWin64_Data/MonoBleedingEdge/data-0000029E500E99A0.dll
Fallback handler could not load library E:/SteamLibrary/steamapps/common/RimWorld/RimWorldWin64_Data/MonoBleedingEdge/data-0000029E500ECFB0.dll
Fallback handler could not load library E:/SteamLibrary/steamapps/common/RimWorld/RimWorldWin64_Data/MonoBleedingEdge/data-0000029E2E5568B0.dll
Fallback handler could not load library E:/SteamLibrary/steamapps/common/RimWorld/RimWorldWin64_Data/MonoBleedingEdge/data-0000029E5013CBC0.dll
Fallback handler could not load library E:/SteamLibrary/steamapps/common/RimWorld/RimWorldWin64_Data/MonoBleedingEdge/data-0000029E501811D0.dll
Fallback handler could not load library E:/SteamLibrary/steamapps/common/RimWorld/RimWorldWin64_Data/MonoBleedingEdge/data-0000029E501989E0.dll
Fallback handler could not load library E:/SteamLibrary/steamapps/common/RimWorld/RimWorldWin64_Data/MonoBleedingEdge/data-0000029E2D6F94B0.dll
Fallback handler could not load library E:/SteamLibrary/steamapps/common/RimWorld/RimWorldWin64_Data/MonoBleedingEdge/data-0000029E5019C800.dll
Fallback handler could not load library E:/SteamLibrary/steamapps/common/RimWorld/RimWorldWin64_Data/MonoBleedingEdge/data-0000029E5019E010.dll
Fallback handler could not load library E:/SteamLibrary/steamapps/common/RimWorld/RimWorldWin64_Data/MonoBleedingEdge/data-0000029E501F3020.dll
Fallback handler could not load library E:/SteamLibrary/steamapps/common/RimWorld/RimWorldWin64_Data/MonoBleedingEdge/data-0000029E501F5C30.dll
Fallback handler could not load library E:/SteamLibrary/steamapps/common/RimWorld/RimWorldWin64_Data/MonoBleedingEdge/data-0000029E501F9E40.dll
Fallback handler could not load library E:/SteamLibrary/steamapps/common/RimWorld/RimWorldWin64_Data/MonoBleedingEdge/data-0000029E50204C50.dll
Prepatcher: Done loading
RimWorld 1.6.4871 rev591
Mod Faction Territories + Vanilla Outposts: Vassal Destinations dependency (brrainz.harmony) needs to have <downloadUrl> and/or <steamWorkshopUrl> specified.
Fallback handler could not load library E:/SteamLibrary/steamapps/common/RimWorld/RimWorldWin64_Data/MonoBleedingEdge/data-0000029E56A850C0.dll
Fallback handler could not load library E:/SteamLibrary/steamapps/common/RimWorld/RimWorldWin64_Data/MonoBleedingEdge/data-0000029E56C50C10.dll
Prepatcher: Restarted with the patched assembly, going silent.
RimThemes NX rev10
[HugsLib] version 12.0.0
[Bed Rest For Food Poisoning] Loaded.
Fallback handler could not load library E:/SteamLibrary/steamapps/common/RimWorld/RimWorldWin64_Data/MonoBleedingEdge/data-0000029F13EAA010.dll
DubsMintMenus v1.3.1086
[HostageTaker] Mod chargé avec succès.
[Interaction Bubbles v4.2] Initialized
[Isekai Leveling] Compatibility patches active:
  - Vanilla Psycasts Expanded: Stats affect Psyfocus
  - Hospitality: CHA affects Guest recruitment
  - Dubs Bad Hygiene: VIT/WIS affect Hygiene resistance
[Isekai OST] DLC music override ready: 9 transition checks patched (base + 8 overrides).
[Isekai WorldBoss] BodySize hitbox patch applied
[Isekai WorldBoss] HealthScale body-HP patch applied
[Isekai WorldBoss] Patched PawnRenderNode.GraphicFor (base)
[Isekai WorldBoss] Patched PawnRenderNode_AnimalPack.GraphicFor
[Isekai WorldBoss] Patched PawnRenderNode_AnimalPart.GraphicFor
[Isekai WorldBoss] Patched PawnRenderNode_Body.GraphicFor
[Isekai WorldBoss] Patched PawnRenderNode_Fur.GraphicFor
[Isekai WorldBoss] Patched PawnRenderNode_Tattoo_Body.GraphicFor
[Isekai WorldBoss] Patched PawnRenderNode_Devourer.GraphicFor
[Isekai WorldBoss] Patched PawnRenderNode_NociosphereSegment.GraphicFor
[Isekai WorldBoss] Patched PawnRenderNode_Head.GraphicFor
[Isekai WorldBoss] Patched PawnRenderNode_Stump.GraphicFor
[Isekai WorldBoss] Patched PawnRenderNode_Hair.GraphicFor
[Isekai WorldBoss] Patched PawnRenderNode_Beard.GraphicFor
[Isekai WorldBoss] Patched PawnRenderNode_Tattoo_Head.GraphicFor
[Isekai WorldBoss] Patched PawnRenderNode_Parent.GraphicFor
[Isekai WorldBoss] Patched PawnRenderNode_TurretGun.GraphicFor
[Isekai WorldBoss] Total GraphicFor patches: 15 (base + 14 overrides)
[Isekai WorldBoss] HostileTo patch applied (boss-team cohesion)
[Isekai Leveling] Mod initialized successfully! (74 patches applied)
[Isekai Leveling] Critical patch verification: 4/4 verified OK
[Isekai Leveling] Settings: TamedRetention=0.5, HealthMult=1, STR_MeleeDmg=0.02, VIT_MaxHP=0.04, VIT_DR=0.01, ExclAnimals=False
<color=blue>Letter Stack Cleaner</color>: Hello, World! ... Version: 1.0.2
MedPod :: Dubs Bad Hygiene detected!
Fallback handler could not load library E:/SteamLibrary/steamapps/common/RimWorld/RimWorldWin64_Data/MonoBleedingEdge/data-0000029F328C7F40.dll
Replimat :: Humanoid Alien Races detected!
Replimat :: Vanilla Cooking Expanded detected!
Replimat :: Dubs Bad Hygiene detected!
[MstEponaFramework] Loaded
[IsekaiCreatures] Guild quest board injection skipped: required guild-addon symbols not resolved (addon not installed, or its internal API changed).
[IsekaiCreatures] Quest injection patch active: addon quests will replace ~40% of main mod daily quest rolls.
[IsekaiCreatures] Quest injection patch active: addon quests will replace ~40% of main mod daily quest rolls.
[IsekaiCreatures] Isekai Creatures Add-on loaded (38 patches applied).
SaveableFromNode exception: System.InvalidCastException: Specified cast is not valid.
[Ref 542BC29C]
(wrapper castclass) System.Object.__castclass_with_cache(object,intptr,intptr)
  at Verse.ScribeExtractor.SaveableFromNode[T] (System.Xml.XmlNode subNode, System.Object[] ctorArgs) [0x00220] in <61e4173561894da49d210260257b5097>:0 
Subnode:
<ModSettings Class="AncotLibrary.AncotLibrarySettings"><color_Awful>RGBA(0.660, 0.220, 0.220, 1.000)</color_Awful><color_Poor>RGBA(0.580, 0.440, 0.340, 1.000)</color_Poor><color_Normal>RGBA(0.750, 0.750, 0.750, 1.000)</color_Normal><color_Good>RGBA(0.710, 0.750, 0.320, 1.000)</color_Good><color_Excellent>RGBA(0.370, 0.750, 0.330, 1.000)</color_Excellent><color_Masterwork>RGBA(0.000, 1.000, 1.000, 1.000)</color_Masterwork><color_Legendary>RGBA(0.690, 0.320, 0.790, 0.880)</color_Legendary><turretSystem_AimingIndicator>True</turretSystem_AimingIndicator><turretSystem_IndicatorOnlyDrawSelected>True</turretSystem_IndicatorOnlyDrawSelected><turretSystem_IndicatorOnlyDrawSelected_NonPlayer>False</turretSystem_IndicatorOnlyDrawSelected_NonPlayer><turretSystem_IndicatorOnlyDrawForced>True</turretSystem_IndicatorOnlyDrawForced><turretSystem_AimingIndicator_NonPlayer>False</turretSystem_AimingIndicator_NonPlayer><turretSystem_IndicatorColor_Player>RGBA(1.000, 0.700, 0.700, 1.000)</turretSystem_IndicatorColor_Player><turretSystem_IndicatorColor_NonPlayer>RGBA(1.000, 0.500, 0.500, 1.000)</turretSystem_IndicatorColor_NonPlayer><weaponExtraRender_Draw>True</weaponExtraRender_Draw><apparelPolicy_GenerateAtStart>True</apparelPolicy_GenerateAtStart><apparelPolicy_AutoSetForColonist>True</apparelPolicy_AutoSetForColonist><drone_TabAvailable>ButtonAndMenu</drone_TabAvailable></ModSettings>
[Hito ISEKAI Monsters] v0.26.14-experimental Registered 283 monster kinds / 268 races, 67 families, 67 lineage eggs and 73 quests; 15 same-race boss phase transitions. Crestrail XML normalization runs after the unified patch pass.
NCL Mod: Initializing
NCL Mod: Harmony instance created
<color=#00ffff>[Nivarian]</color>Nivarian Ver.20260922151508 loading, happy gaming!
[WolfeinAllegiance] Harmony patches applied.
Fallback handler could not load library E:/SteamLibrary/steamapps/common/RimWorld/RimWorldWin64_Data/MonoBleedingEdge/data-0000029F7FEF9020.dll
Fallback handler could not load library E:/SteamLibrary/steamapps/common/RimWorld/RimWorldWin64_Data/MonoBleedingEdge/data-0000029F7FE75CF0.dll
Fallback handler could not load library E:/SteamLibrary/steamapps/common/RimWorld/RimWorldWin64_Data/MonoBleedingEdge/data-0000029F7FF2AE50.dll
Fallback handler could not load library E:/SteamLibrary/steamapps/common/RimWorld/RimWorldWin64_Data/MonoBleedingEdge/data-0000029F7FF37260.dll
Fallback handler could not load library E:/SteamLibrary/steamapps/common/RimWorld/RimWorldWin64_Data/MonoBleedingEdge/data-0000029F7FE80D00.dll
GARGARIN: <color=green>Finished loading XML from cache!</color>
Parsed 0.3 as int.
[Def Error]: AM_Entrance_LargeElevator
Ancient urban ruins\1.6\Defs\ThingDefs\Building\ThingDef_ConstructableElevators.xml
Parsed 0.3 as int.
[Def Error]: AM_Entrance_UndergroundGarage
Ancient urban ruins\1.6\Defs\ThingDefs\Building\ThingDef_UndergroundGarage.xml
Parsed 0.8 as int.
[Def Error]: AEAcidSpew
Anomalies Expected\1.6\Defs\AbilityDefs\AbilitiesAE.xml
Parsed 4.5 as int.
[Def Error]: Gun_AESnowBall_Thrown
Anomalies Expected\1.6\Defs\ThingDefs_Misc\Weapons\Ranged_SnowArmy.xml
Parsed 0.2 as int.
[Def Error]: CMC_TaoTie_Persona
CeleTech Arsenal MKIII\1.6\Defs\Weapons\Energy\TaoTie.xml
Parsed 0.1 as int.
[Def Error]: AMAGun_Flamethrower
Far Easterner, Ama the Three Raijus of the Far East Xenotypes and Factions\1.6\Defs\ThingDefs\ThingDefs_Weapon.xml
Parsed 2.5 as int.
[Def Error]: Dragonian_Race
Gloomy Dragonian race\1.6\Defs\Dragonianlike\GeneralRace.xml
Tried to use an uninitialized DefOf of type DamageDefOf. DefOfs are initialized right after all defs all loaded. Uninitialized DefOfs will return only nulls. (hint: don't use DefOfs as default field values in Defs, try to resolve them in ResolveReferences() instead)
Tried to use an uninitialized DefOf of type RulePackDefOf. DefOfs are initialized right after all defs all loaded. Uninitialized DefOfs will return only nulls. (hint: don't use DefOfs as default field values in Defs, try to resolve them in ResolveReferences() instead)
[Def Error]: Trap_MRB
Maru Race\1.6\Defs\Weapon\MaruTrap.xml
Parsed 10.5 as int.
[Def Error]: Bullet_SwordAura_Water
MoeLotl Race\1.6\Defs\Axolotl_AbilityDefs\Abilities.xml
Parsed 4.5 as int.
[Def Error]: Bullet_SwordAura_Flower
MoeLotl Race\1.6\Defs\Axolotl_AbilityDefs\Abilities.xml
Tried to use an uninitialized DefOf of type ThingDefOf. DefOfs are initialized right after all defs all loaded. Uninitialized DefOfs will return only nulls. (hint: don't use DefOfs as default field values in Defs, try to resolve them in ResolveReferences() instead)
[Def Error]: Wolfein_MegaCorp_BaseStandard
Wolfein Race\1.6\Defs\TraderKindDefs\TraderKinds_Base_Wolfein.xml
Parsed 0.001 as int.
Parsed 0.002 as int.
Parsed 0.003 as int.
[Def Error]: Yuran_Race_Miko_BlackSnake
Yuran race\1.6\Defs\Yuranlike\GeneralRace_Snake.xml
Parsed 1.5 as int.
[Def Error]: YR_WP_monokatana
Yuran race\1.6\Defs\ThingDefs\Weapon\Weapon.xml
Parsed 1.5 as int.
[Def Error]: YR_WP_MonoGun
Yuran race\1.6\Defs\ThingDefs\Weapon\Weapon.xml
Parsed 1.5 as int.
[Def Error]: YR_WP_Samurai_Destroyer
Yuran race\1.6\Defs\ThingDefs\Weapon\Weapon.xml
Parsed 0.1 as int.
[Def Error]: ConstructFormator
Monolyn Race\1.6\Defs\Buildings\Buildings_Mech.xml
Parsed 5.5 as int.
[Def Error]: Bullet_DogmaDisperser
Monolyn Race\1.6\Defs\Weapons\Bullet.xml
Parsed 0.5 as int.
[Def Error]: MNDisperserPulse
Monolyn Race\1.6\Defs\Effect\Effecter\Effecter.xml
Parsed 1.5 as int.
[Def Error]: Nivarian_FrostGrass
Nivarian Race\1.6\Defs\TerrainDefs\FrostGrass.xml
Parsed 6.3 as int.
[Def Error]: Projectile_ShuttleOrbitDrone
Nivarian Race\1.6\Defs\ThingDefs\Misc\Nivarian_Shuttle_Drones.xml
Parsed 8.1 as int.
[Def Error]: Bullet_ObsidianWand
Nivarian Race\1.6\Defs\ThingDefs\Weapon\Weapon_ObsidianWand.xml
Parsed 1.15 as int.
[Def Error]: Nivarian_Weapon_PrismCatawand
Nivarian Race\1.6\Defs\ThingDefs\Weapon\Weapon_PrismCatawand.xml
Parsed 23.5 as int.
[Def Error]: Bullet_PrismBeam
Nivarian Race\1.6\Defs\ThingDefs\Weapon\Weapon_PrismCatawand.xml
Parsed 0.1 as int.
Parsed 0.1 as int.
[Def Error]: JL_BurstDash
Wolfein Race GFI Expand\Defs\EffectDefs\EffecterDef_BurstDash.xml
Could not resolve cross-reference: No Verse.SoundDef named Pawn_Melee_Punch_HitBuilding found to give to Verse.RaceProperties Verse.RaceProperties (using undefined sound instead)
Could not resolve cross-reference: No Verse.SoundDef named MR_PulseT found to give to Verse.SkyfallerProperties Verse.SkyfallerProperties (using undefined sound instead)
Could not resolve cross-reference: No Verse.SoundDef named Pawn_Melee_Punch_HitBuilding found to give to Verse.RaceProperties Verse.RaceProperties (using undefined sound instead)
Could not resolve cross-reference: No Verse.SoundDef named  MNGravitySwitch found to give to Verse.SubEffecterDef Verse.SubEffecterDef (using undefined sound instead)
Could not resolve cross-reference: No Verse.SoundDef named  MNDownpourImpact found to give to Verse.SubEffecterDef Verse.SubEffecterDef (using undefined sound instead)
Could not resolve cross-reference: No Verse.SoundDef named MNCallDown found to give to Verse.SubEffecterDef Verse.SubEffecterDef (using undefined sound instead)
Could not resolve cross-reference: No Verse.SoundDef named hammerImpact found to give to Verse.SubEffecterDef Verse.SubEffecterDef (using undefined sound instead)
Could not resolve cross-reference: No Verse.SoundDef named HSI_Hitsound found to give to PawnKnockback_maru.DamageKnockbackDef MR_ChainDamageDefA (using undefined sound instead)
Could not resolve cross-reference: No Verse.SoundDef named MeleeHit_Blade found to give to Verse.Tool Military Longsword (using undefined sound instead)
Could not resolve cross-reference: No Verse.SoundDef named VFE_Shot_InfernoSpewer found to give to Verse.VerbProperties VerbProperties(flame thrower) (using undefined sound instead)
Could not resolve cross-reference: No Verse.SoundDef named Blade_HitPawn found to give to Verse.ProjectileProperties Verse.ProjectileProperties (using undefined sound instead)
Could not resolve cross-reference: No Verse.SoundDef named Pawn_Melee_Punch_HitBuilding found to give to Verse.RaceProperties Verse.RaceProperties (using undefined sound instead)
Could not resolve cross-reference: No Verse.SoundDef named EMP_Activate found to give to JL_WolfeinExpand.VerbProperties_EMPBlast VerbProperties(range=20, defaultProjectile=null) (using undefined sound instead)
Possible typo: ThingDef. Using def type name not preceded by "Of"
Could not resolve cross-reference: No Verse.DamageDef named PurificationBurn found to give to Verse.DamageMultiplier Verse.DamageMultiplier
Could not resolve cross-reference: No Verse.DamageDef named PurificationBurn found to give to Verse.DamageMultiplier Verse.DamageMultiplier
Could not resolve cross-reference: No Verse.DamageDef named PurificationBurn found to give to Verse.DamageMultiplier Verse.DamageMultiplier
[Hacking Expansion] Turrets patching report: 
  - Mortar: mannable
  - Foam turret: interactable
  - Rocketswarm launcher: interactable
  - Ancient defender turret: already hackable
  - Gore-Spine Flesh Mass: no power and not stunnable by emp
  - Spitter Fleshworm: no power and not stunnable by emp
  - Ballista turret: mannable
  - Goblin mortar: mannable
  - Goblin repeater ballista: mannable
  - GAB-4 Cannon ship: no power and not stunnable by emp
  - Sentry turret: no power and not stunnable by emp
  - Vasilek: mannable
  - Armored shuttle: no power and not stunnable by emp
  - Striker turret: no power and not stunnable by emp
  - Vilelobber: no power and not stunnable by emp
  - Thornworm: no power and not stunnable by emp
  - Thornspitter: no power and not stunnable by emp
  - Black defiler: no power and not stunnable by emp
  - Foam belcher: no power and not stunnable by emp
  - Walker rocketswarm launcher: interactable
  - Bombcarrot Rotating Barrel Mortar: mannable
  - Bombcarrot Organ Gun: mannable
  - Epona Cannon: mannable
  - Infantry mortar: mannable
  - Multi-barrel mortar launcher: mannable
  - Field howitzer: mannable
  - Field cannon: mannable
  - Quad machine gun: mannable
  - Autocannon: mannable
  - Recoilless gun: mannable
  - Anti-air gun: mannable
  - Quad anti-air gun: mannable
  - Anti-tank gun: mannable
  - Kiiro auto crossbow (through cloud): no power and not stunnable by emp
  - Kiiro auto crossbow (flying star): no power and not stunnable by emp
  - Kiiro auto EMP launcher: no power and not stunnable by emp
  - Kiiro auto FRAG launcher: no power and not stunnable by emp
  - Kiiro auto smoke launcher: no power and not stunnable by emp
  - Kiiro prototype HMG: mannable
  - Kurin Hwacha: mannable
  - Beacon: no power and not stunnable by emp
  - Mechanical Harpoon Ballista: mannable
  - Miho conventional naval gun: mannable
  - Foxfire Furnace: no power and not stunnable by emp
  - Miho Heavy Machine Gun: mannable
  - Miho Heavy-MAT: mannable
  - Miho infantry gun: mannable
  - Eternal fortress: no power and not stunnable by emp
  - Rusted mortar: mannable
  - Ballista: mannable
  - Cannon: mannable
  - Rorensian 57mm Autocannon: mannable
  - Rorensian 203mm field gun: mannable
  - Bloodstone turret: no power and not stunnable by emp
  - Striker turret: no power and not stunnable by emp
  - Tox-Rocket Turret: interactable
  - Yuran guardian stone: no power and not stunnable by emp
  - Yuran Samurai Destroyer: mannable
  - Bait: no power and not stunnable by emp
  - Multi-rail rocket launcher: mannable
  - Twin Heavy flak gun: mannable
  - Machine gun turret: no power and not stunnable by emp
  - Autocannon turret: no power and not stunnable by emp
Turrets not valid for patching total: 63
Key binding conflict: RK_OpenInfoCard and Misc9 are both bound to I.
Key binding conflict: Misc2 and Command_TogglePower are both bound to V.
Key binding conflict: Misc9 and RK_OpenInfoCard are both bound to I.
Key binding conflict: MainTab_History and MainTab_AM_LevelSchedule are both bound to F9.
Key binding conflict: MainTab_AM_LevelSchedule and MainTab_History are both bound to F9.
<color=#FFA500FF>[Map Mode Framework]</color> Loading assemblies of patched mods done. Total assemblies loaded: 0
<color=#FFA500FF>[Map Mode Framework]</color> Assembly named GeologicalLandforms not found. Render patch not applied.
<color=#FFA500FF>[Map Mode Framework]</color> Assembly named ReGrowthCore not found. Render patch not applied.
FactionDef Insect must have at least one pawnGroupMaker with kindDef 'Peaceful', or 'permanentEnemy', 'isPlayer' or 'hidden' should be set to true. Otherwise no guests from this faction will arrive. This is a misconfiguration in Core.
FactionDef MUGB_GoblinSavageMedieval must have at least one pawnGroupMaker with kindDef 'Peaceful', or 'permanentEnemy', 'isPlayer' or 'hidden' should be set to true. Otherwise no guests from this faction will arrive. This is a misconfiguration in MUGB Goblin.
FactionDef RMT_TemplarConcord must have at least one pawnGroupMaker with kindDef 'Peaceful', or 'permanentEnemy', 'isPlayer' or 'hidden' should be set to true. Otherwise no guests from this faction will arrive. This is a misconfiguration in RIM ISEKAI — Beta 1.
FactionDef RMT_MageConclave must have at least one pawnGroupMaker with kindDef 'Peaceful', or 'permanentEnemy', 'isPlayer' or 'hidden' should be set to true. Otherwise no guests from this faction will arrive. This is a misconfiguration in RIM ISEKAI — Beta 1.
FactionDef RMT_HexedCovenant must have at least one pawnGroupMaker with kindDef 'Peaceful', or 'permanentEnemy', 'isPlayer' or 'hidden' should be set to true. Otherwise no guests from this faction will arrive. This is a misconfiguration in RIM ISEKAI — Beta 1.
FactionDef RMT_MonsterFederation must have at least one pawnGroupMaker with kindDef 'Peaceful', or 'permanentEnemy', 'isPlayer' or 'hidden' should be set to true. Otherwise no guests from this faction will arrive. This is a misconfiguration in RIM ISEKAI — Beta 1.
FactionDef Milira_Faction must have at least one pawnGroupMaker with kindDef 'Peaceful', or 'permanentEnemy', 'isPlayer' or 'hidden' should be set to true. Otherwise no guests from this faction will arrive. This is a misconfiguration in Milira Race.
FactionDef Milira_AngelismChurch must have at least one pawnGroupMaker with kindDef 'Peaceful', or 'permanentEnemy', 'isPlayer' or 'hidden' should be set to true. Otherwise no guests from this faction will arrive. This is a misconfiguration in Milira Race.
FactionDef Moyo2_CartelFaction must have at least one pawnGroupMaker with kindDef 'Peaceful', or 'permanentEnemy', 'isPlayer' or 'hidden' should be set to true. Otherwise no guests from this faction will arrive. This is a misconfiguration in Moyo2.0-Blood stained business.
FactionDef DMS_AncientCorps must have at least one pawnGroupMaker with kindDef 'Peaceful', or 'permanentEnemy', 'isPlayer' or 'hidden' should be set to true. Otherwise no guests from this faction will arrive. This is a misconfiguration in The Dead Man's Switch - AncientCorps.
FactionDef Wolfein_Faction_Rebel must have at least one pawnGroupMaker with kindDef 'Peaceful', or 'permanentEnemy', 'isPlayer' or 'hidden' should be set to true. Otherwise no guests from this faction will arrive. This is a misconfiguration in Wolfein Race.
<color=#00ffff>[LumiParticle]</color>Successfully auto-loaded bundle: 'nivariancore'
<color=#00ffff>[LumiParticle]</color>Successfully auto-loaded bundle: 'nivarian'
<color=#00ffff>[LumiParticle]</color>Loaded 3 shader from assetbundle, can't wait to do something beautiful!
<color=#00ffff>[Nivarian]</color>[DubsMintMenus] research tab/project filters registered.
Translation data for language English has 472 errors. Generate translation report for more info.
[XML Extensions] Initialized 4 SettingsMenuDef(s) and found 55 unused key(s) from 2 mod(s)
[XML Extensions] 0 total patch operations run in 8ms, 0 failed
[XML Extensions] Emitted 4 mod class(es)
KCSG has Created 8952 symbolDefs for vanilla and DLCs
E:\SteamLibrary\steamapps\workshop\content\294100\2910194921/Asset/fsassets
MIS.初始化完成
Getting random element from empty collection.
AMUtility Mod: Harmony patches applied.
Monterey Bay Animals Mod Loaded
[ACC] Harmony patches loaded.
<color=#00FFFFFF>[CELETECH] projectile interceptor patched</color>
<color=#00FFFFFF>[CELETECH] gun render patched</color>
<color=#00FFFFFF>[CELETECH] projectile ref resolved. Count: 304</color>
<color=#00FFFFFF>[CELETECH] injected accessory modifiers into 9 stats.</color>
LargeBuildingCellFinder.GetCellScore 成功补丁
InfestationCellFinder.GetScoreAt 成功补丁
Damage Indicators initialized.
<color=green>[Finite Population]</color> v49.00: FINAL MATRIX (Lifecycle, Migration, Tech-Balance).
[E&D] RimWar not detected, skipping compatibility patches.
Alien race successfully completed 286 patches (50 pre, 88 post, 148 trans) with harmony.
[IsekaiLeveling] Stats window textures loaded.
[Isekai Leveling] Mob Rank system initialized: 1305 creatures ranked, 0 skipped.
[Isekai Leveling] Forge system initialized: 3473 items enhanced, 0 skipped.
[Isekai Leveling] DBZ-style aura system initialized.
[Isekai Leveling] Vanilla Psycasts Expanded compatibility initialized successfully.
[Isekai Leveling] Hospitality compatibility initialized successfully.
[Isekai Leveling] Dubs Bad Hygiene compatibility initialized successfully.
Mod 'Just Help For Me' loaded.
Land On Anything: Loaded
Land On Anything: Patching Complete
[LayeredApparel.ExosuitPatch] Harmony patches applied.
[MUGB] Another mod resizes human heads through HAR (life stage HumanlikeBaby: world (0.75, 0.75), portrait (0.75, 0.75)). Goblin head compatibility is enabled; see the MUGB visual tuning window for the two options.
[MUSC_Zerg] Odyssey safety patch applied: GravshipUtility.PlayerHasGravEngine
[MUSC_Zerg] Patched Recipe_SurgicalInspection to detect Broodlings.
[MUSC_Zerg] Harmony patches applied successfully.
[MUSC_Zerg] Injected KeratinShell as fuel into 50 refuelable buildings.
[MUSC_Zerg] Zerg mod initialized.
PickUpAndHaul v1.1.2¼ welcomes you to RimWorld with pointless logspam.
No Skill Loss mod loaded v.1.0.0.4.
[RMT] RimISEKAI 0.13.0-alpha.1-checkpoint.7 loaded. Biotech: True; racial xenotypes: 294; roaming encounters: False.
[RimISEKAI Armaments 2.0] Attached aura hooked to 1 native equipment draw call(s).
[RimISEKAI Dungeons 3.9.1] Loaded 43 dungeon/companion profiles and saved branching adventures.
[RimISEKAI Performance] Dungeon scan optimization unavailable; native behavior retained. ArgumentException: Path is empty
[RimISEKAI motion] Another animation renderer owns equipment. Conflicting native motion channels use a conservative fallback; Art effects and gameplay remain active. Exact third-party choreography ownership requires a dedicated adapter.
[盾牌] 透明图形预加载成功 (Things/Empty)
[SofterHairColors] harmony patch succeeded.
[Utility Columns] - Patching...
[UseThisInstead]: Found 1 replacements
MeditationFocusDef BRF_Flesh does not have a MeditationFocusExtension, which means it will not have an icon in the Psycasts UI.
Please ask 幽月琉璃Luna to add one.
MeditationFocusDef YR_MeditationFocus does not have a MeditationFocusExtension, which means it will not have an icon in the Psycasts UI.
Please ask Roo to add one.
MeditationFocusDef Aenigma does not have a MeditationFocusExtension, which means it will not have an icon in the Psycasts UI.
Please ask U to add one.
MeditationFocusDef Nivarian_Moonbloom does not have a MeditationFocusExtension, which means it will not have an icon in the Psycasts UI.
Please ask keeptpa to add one.
[CeleTech Shuttle][Particle Lance] standalone backend loaded registered=True backend=shuttle-particle-lance
[IsekaiCreatures] Combat stats buffed ×1.7: 349 race defs (HP), 446 tools (damage), 957 armor stats (capped at 0.95), 364 pawn kinds (combatPower), 111 pawn kinds opted out of vanilla manhunter packs.
[MihoOptimization] Unpatched legacy IFC.Patch on EquipmentTrackerTick from IFC.Patch
[MihoOptimization] Unpatched legacy IFC.Patch on ApparelTrackerTickInterval from IFC.Patch
[MihoOptimization] Discovered FormChange type: ItemFormChange_Maru.CompFormChange in ItemFormChange_Maru
[RimISEKAI Armaments 2.0] Attached aura hooked to 1 native equipment draw call(s).
<color=#FFEB04FF>[HenTaiLoliTeam] ==========================================================================</color>
<color=#FFEB04FF>[HenTaiLoliTeam]                                        MoeLotl Mod Add Success</color>
<color=#FFEB04FF>[HenTaiLoliTeam] ==========================================================================</color>
DropPodIncomingMechanoidRapid
Milira_DropPodIncoming
TransferIncoming
DropPodIncoming
[TSA WD] Temp encounter aerial flee hooks active (TryLaunch=True, VF Launch=0).
[TSA WD] Transport pod AA launch warning active.
[Arknights Compability] Initialized
[Arknights-AlienRaces Compability] Initialized
[EDandFTCompatPatch] Harmony patches applied.
[Faction Territories Performance Fix] Patches applied.
Find
NCL Mod: Applying Harmony patches
NCL Mod: Applied CommanderControlRange patch
<color=#00ffff>[Nivarian]</color>Preloading hediff graphics...
<color=#00ffff>[Nivarian]</color>Preloaded 4 stagedHediff graphics.
<color=#00ffff>[Nivarian]</color>[DragonEgg] ApplyBirthOutcome postfix registered.
[RimContractors] RimTalk detected - contract context registered for AI dialogue.
[RimContractors] transport integrations — vehicles: False, mounts: False, shuttles: True, gravships: True
[Search and Rescue] Loaded for RimWorld 1.6. Active compatibility: The Dead Man’s Switch, The Dead Man’s Switch - Synthetic, The Dead Man’s Switch - MobileDragoon, The Dead Man’s Switch - AncientCorps, [RH2] BCD: First Aid, [RH2] CPERS: Arrest Here!, MedPod, [RH2] BCD: CASEVAC, Pick Up And Haul, Hospitality, Search and Destroy (Continued), Common Sense, Allies are Helpful, Vanilla Furniture Expanded - Medical Module, RH2 First Aid, RH2 Arrest Here, BCD CASEVAC, Fortified Features Framework.
[DMS_Legion] Harmony补丁已加载
[RimISEKAI Armaments 2.0] Attached aura hooked to 1 native equipment draw call(s).
[RimISEKAI Armaments 2.0] Attached aura hooked to 1 native equipment draw call(s).
[ZuoYao.KiiroMaineCoon] 缅因大姐大已降临！
[ZuoYao.KiiroSiamese] 暹罗小黑脸已降临！
[ZuoYao.KiiroRagdoll] 布偶猫猫已经梳好毛啦！
Unloading 5 Unused Serialized files (Serialized files now loaded: 28)
MVCF successfully applied 96 patches
[Fortified] 涂装着色器加载成功 Fortified/StandardPaintable
[RimISEKAI Armaments 2.0] Attached aura hooked to 1 native equipment draw call(s).
[RimISEKAI Armaments 2.0] Attached aura hooked to 1 native equipment draw call(s).
[RimISEKAI 3.0] Weapon transform capture installed for 1 equipment draw call(s).
[RimISEKAI Armaments 2.0] Attached aura hooked to 1 native equipment draw call(s).
[RimISEKAI 3.0] Weapon transform capture installed for 1 equipment draw call(s).
[RimISEKAI Combat Motion M1] Presentation 3.1.2-phase1.content-restored active: staged projection effects; 632 skill recipes / identities; installed patch classes=466; failed=0. Native Art choreography enabled; existing spell presentation retained.
[Dungeons 3.8.2] Rank getter reconciliation complete; removed legacy hooks=2. Other patch owners retained.
[Blood Court 3.0] Embedded in RimISEKAI; using the host patch pass and its single settings entry.
[CindersRimtalkPatch] RimTalk integration ready. Race lore + persona cards active.
[KiiroRimtalkPatch] RimTalk integration ready. Static persona Knowledge Base injected via ContextHookRegistry.
[MihoRimtalkPatch] RimTalk integration ready. Race lore + persona cards active.
[MiliraRimtalkPatch] RimTalk integration ready. Static persona Knowledge Base injected via ContextHookRegistry.
[RatkinRimtalkPatch] RimTalk integration ready. Race lore + persona cards active.
[SyntheticRimtalkPatch] RimTalk integration ready. Race lore + persona cards active.
Textures were not found for one or more extended graphics for MNRace: Monolyn/UnitSuit/Apparel
<color=#00ffff>[Nivarian]</color>Update messages fetched successfully
Unloading 502 unused Assets to reduce memory usage. Loaded Objects now: 149349.
Total: 2617.845800 ms (FindLiveObjects: 119.259100 ms CreateObjectMapping: 26.646300 ms MarkObjects: 2467.481300 ms  DeleteObjects: 4.458800 ms)

CameraPlus: Found mod at E:\SteamLibrary\steamapps\workshop\content\294100\867467808
Shader 'Camera+/Bordered': fallback shader 'Diffuse' not found
OSNCannon_Launch SubSound OSNCannon_Launch_0 has no resolvedGrains.
Unloading 4 Unused Serialized files (Serialized files now loaded: 29)
[PhysX] Initialized MultithreadedTaskDispatcher with 12 workers.
UnloadTime: 10.382200 ms
FileNotFoundException: Cannot resolve dependency to assembly 'UnityEngine.InputLegacyModule, Version=0.0.0.0, Culture=neutral, PublicKeyToken=null' because it has not been preloaded. When using the ReflectionOnly APIs, dependent assemblies must be pre-loaded or loaded on demand through the ReflectionOnlyAssemblyResolve event.


[ImmersiveFilter] Loaded shader: Hidden/ImmersiveFilter/FilterShader
Unloading 206 unused Assets to reduce memory usage. Loaded Objects now: 155909.
Total: 1871.492400 ms (FindLiveObjects: 5.520800 ms CreateObjectMapping: 8.762100 ms MarkObjects: 1856.815800 ms  DeleteObjects: 0.393400 ms)

Loading game from file Black Steel (Permadeath) with mods:
  - zetrith.prepatcher
  - brrainz.harmony
  - Taranchuk.FasterGameLoading
  - Ludeon.RimWorld
  - Ludeon.RimWorld.Royalty
  - Ludeon.RimWorld.Ideology
  - Ludeon.RimWorld.Biotech
  - Ludeon.RimWorld.Anomaly
  - Ludeon.RimWorld.Odyssey
  - adaptive.storage.framework
  - AOBA.Framework
  - imranfish.xmlextensions
  - aRandomKiwi.RimThemes
  - UnlimitedHugs.HugsLib
  - OskarPotocki.VanillaFactionsExpanded.Core
  - EBSG.Framework
  - Aoba.Exosuit.Framework
  - cat2002.showhair
  - dani.moreTraits
  - FrozenSnowFox.BetterPawnLendingQuest
  - FrozenSnowFox.BetterSpikeTraps
  - FrozenSnowFox.EncounterMapResources
  - FrozenSnowFox.FilthVanishesWithRainAndTime
  - FrozenSnowFox.GrowableGrass
  - FrozenSnowFox.GrowableMushrooms
  - FrozenSnowFox.MoreQuests
  - FrozenSnowFox.NoEmpireTradingPermit
  - LimeTreeSnake.Xenotech
  - MIS.Framework
  - Nals.CustomPortraits
  - Nals.DynamicPortraits
  - Og.Immersive.Filter
  - RH2.BCD.CASEVAC
  - RH2.BCDs.First.Aid
  - RH2.CPERS.Arrest.Here
  - RH2.HandToHand
  - RH2.Randy.Burger.Fast.Food
  - CP.Rimdeed
  - CP.Uncle.Boris.Brainwash.Chair
  - CP.Uncle.Boris.Used.Furniture
  - CP.Uncle.Boris.Radio.BornToRaid
  - CP.Uncle.Boris.Radio.Broodman
  - s16.sbto
  - Shirohane.ReadingAtLeisure
  - KipsMods.AdjustableAbilityCooldowns
  - Resurrectionem.Admarian
  - darjeeling.BattleCloak
  - DRILLEDHEAD.AIRDOCK
  - NinaGoblin.AlliesAreHelpful
  - AndrewRaphaelLukasik.AllowDeadAnimals
  - sarg.alphabiomes
  - swablu.ambience
  - XMB.AncientUrbanrUins.MO
  - Ancot.AncotLibrary
  - Ezfi.MontereyBayAquariumAnimals
  - MrHydralisk.AnomaliesExpected
  - 22.AnomalyPortal
  - zoarak.anomalyplat
  - Xeneo.Apprentices
  - Patchuragi.arknights.musicP
  - xt489.arknights.contingencycontract
  - Defi.AutoCutBlight
  - ben.automaticnightowl
  - Mersid.BackupPowerUpdated
  - Meltup.BeautifulOutdoors
  - bedrestforfoodpoisoning.1trickPonyta
  - telardo.BetterGeneGraphicsFramework
  - kikohi.BetterGroundPenetratingScanner
  - elindis.BetterHotSprings
  - MrKociak.YABEMBionicModularity
  - Fuu.BloodAnimations
  - Ilarion.BulkLoadForTransporters
  - Darknote.BunkBeds
  - brrainz.cameraplus
  - Aoba.Tent
  - jdgg.adaptive.cargoholds
  - Aoba.CargoContainer.Waste
  - Resurrectionem.LyunicaandSobolelyud
  - TOT.CeleTech.MKIII
  - TOT.CeleTech.Sub.FBS
  - KT.ChillOut
  - kearril.ChooseWhereToLand
  - Aelanna.CleaningSpeed
  - Mlie.CustomPrisonerInteractions
  - CaesarV6.DamageIndicators
  - Proxyer.DESurgeries.DESurgeries
  - Alias.DegeneralizeWork
  - Shashlichnik.DeepAndDeeper
  - flangopink.disableautoselecttravelsupplies
  - HaiLuan.VoidUniverse
  - Woolyung.DoTheRitualsYourselves
  - dracoix.doormat.r12a
  - aRandomKiwi.DownForMe
  - MemeGoddess.DualWield
  - Dubwise.DubsBadHygiene
  - Dubwise.DubsMintMenus
  - dubwise.dubsmintminimap
  - Slashandz.EasyConversions
  - EatingWithoutatableis.Okay
  - helldan.economicsdemography
  - Aoba.Motorization.Engine
  - Zephyr.EnhancedPassengerShuttle
  - Resurrectionem.Ama
  - feb.coloredgravlights
  - telardo.Fireworks
  - Floor.Mounted.Aquarium
  - GT.Sam.Furnace
  - proxyer.steamgeyserbuilding
  - mjcg.GIFRenderer
  - Albion.GoExplore
  - MD.GoToSleep
  - elkyelky.GrassIsStillHay.kotobike
  - TurboPickle.GravShuttle
  - Arcjc007.GravshipCrashes
  - Arcjc007.GravshipExporter
  - lejunior4.HostageTaker
  - erdelf.HumanoidAlienRaces
  - Mlie.HuntersUseMelee
  - HaiLuan.IWBB
  - ilyvion.laboratory
  - Hanabishi.InwallCoolersAndVents
  - Taveron.IncreasedStack
  - ferny.EasyCaravanFormation
  - Jaxe.Bubbles
  - JellyCreative.IsekaiLeveling
  - CN.justhelpforme
  - VaguelySexual.ModPackageId.GoesHere
  - nep.landonanything
  - Exploriters.siiftun1857.LaunchIntoEmptySpace
  - cass.LaunchSitesExpire
  - costel.layeredapparel
  - MrHydralisk.LayeredAtmosphereOrbit
  - seohyeon.letterstackcleaner
  - dorbo.watersfx
  - Mlie.LogAfterDefError
  - Mlie.LootBoxes
  - plaxen.MalangFace
  - NozoMe.MapModeFramework
  - pyrce.mass.graves.continued
  - lunaglaze.Anomaly.BiotechnologyReforgedFlesh
  - zoarak.mechplat
  - EL.InvMech
  - sumghai.Medpod
  - ac.mw.sad
  - dd.unofficial.notfood.MendAndRecycle
  - Mlie.MercerBackpacks
  - Owlchemist.MidSaverSaver
  - eddie.mihomechrebalancepatch
  - WexMan.Mines
  - Mlie.MoEvents
  - Taranchuk.ModErrorChecker
  - Mlie.ModManager
  - CN.TrailblazerShuttle
  - moentity.entity.retexture
  - BigBone87.MHRW
  - Arquebus.MorePersonaTraits
  - CN.morereasonablemortars
  - mustard1557.mugb.goblin
  - mustard1557.musc.zerg
  - zal.musicmanager
  - Unon.NoBurnMetal
  - TheVillageGuy.NoDropCenterDropRaids.1
  - SquirtingElephant.NoHealingEmotes
  - weilbyte.nopowerwires
  - dvs.NoRandomRelations
  - SquirtingElephant.SleepDisturbed
  - zal.nosocialfights
  - godlyannihilator.novanillamusic
  - SquirtingElephant.NoZZZ
  - avilmask.NonUnoPinata
  - luke.odysseyshuttlevariants
  - toshtaru.Odyssey.Transport.Shuttle
  - RashoMcree.Odyssey.OrbitalPlatforms
  - smallmine.HeavyShuttle
  - Resurrectionem.Orostonian
  - HarryRobinson.OtherMusicPlaysinAnomaly
  - zal.personaldoors
  - Mehni.PickUpAndHaul
  - gilith.prisonerinterrogation
  - BerryRagepyre.PrisonerRecreation
  - Mlie.PrisonersDontHaveKeys
  - Mlie.PrisonersShouldFearTurrets
  - Ingendum.RaiderSwarmCompression
  - seekiworksmod.no19
  - brrainz.rangefinder
  - reel.expanded.storage
  - MRGames.NoSkillDecay
  - Memegoddess.ReplaceStuff
  - sumghai.Replimat
  - avilmask.ResearchWhatever
  - jk.rmt.soulchronicle
  - Cabbage.RimCities
  - Dubwise.Rimefeller
  - Mlie.RoadsOfTheRim
  - Sandy.RPGStyleInventory.avilmask.Revamped
  - ratys.rtfuse
  - ratys.rtsolarflareshield
  - MemeGoddess.RunAndGun
  - HaiLuan.AllsparkCrisis
  - Boots.SensibleFactions
  - sk.settlementservices
  - dorbo.shamblervariants
  - MX.shield
  - RaccoonCuddler.ShowHair
  - ZuoYao.SimpleMonumentQuest
  - sinner.softerhaircolors
  - weilbyte.snapout
  - sirrandoo.msf
  - Albion.SparklingWorlds.Full
  - sinner.xenotype.bun
  - Mlie.SupremeMelee
  - Aoba.DeadManSwitch.Core
  - smashphil.dropspot
  - WexMan.TrainingConsole1.2
  - Trouperton.TrystanTravellersShuttleSchematics
  - Mlie.UseThisInstead
  - Ushanka.HackingExpansion
  - nephlite.orbitaltradecolumn
  - VanillaExpanded.VAnomalyEInsanity
  - VanillaExpanded.VAEAccessories
  - VanillaExpanded.BaseGeneration
  - VanillaExpanded.VBooksE
  - VanillaExpanded.VBrewE
  - VanillaExpanded.VCookE
  - VanillaExpanded.VEE
  - OskarPotocki.VFE.Empire
  - OskarPotocki.VFE.Insectoid2
  - VanillaExpanded.VCEF
  - VanillaExpanded.VFECore
  - VanillaExpanded.VFEArchitect
  - VanillaExpanded.VFEArt
  - VanillaExpanded.VFEFarming
  - VanillaExpanded.VFEMedical
  - VanillaExpanded.VFEPower
  - VanillaExpanded.VFEProduction
  - VanillaExpanded.VFEPropsandDecor
  - VanillaExpanded.VFESpacer
  - VanillaExpanded.HelixienGas
  - VanillaExpanded.Ideo.IconsandSymbols
  - VanillaExpanded.Ideo.RelicsAndArtifacts
  - VanillaExpanded.VExplorationE
  - vanillaexpanded.outposts
  - Scorpio.VOEFactory
  - VanillaExpanded.VPlantsE
  - VanillaExpanded.VPsycastsE
  - vanillaquestsexpanded.ancients
  - vanillaquestsexpanded.cryptoforge
  - vanillaquestsexpanded.deadlife
  - vanillaquestsexpanded.generator
  - vanillaracesexpanded.customicons
  - VanillaExpanded.VanillaSocialInteractionsExpanded
  - vre.compatiblebodyreplace
  - Mlie.VisualXMLPatches
  - Sl4vP0weR.WeAreUnited
  - won.hair
  - won2.hair
  - com.yayo.yayoAni.continued
  - Mlie.YayosCaravan
  - CN.YouAreSoBeautiful
  - GF.Icons
  - FrozenSnowFox.BetterAnomalyLoot
  - FrozenSnowFox.SimplySoil
  - MIS.Arknights
  - NightOcean.Misc.TrainingOutpost
  - sarg.alphaanimals
  - sarg.alphamechs
  - Fallen.AnomaliesExpectedAddon
  - Patchuragi.arknightsconfront
  - Patchuragi.arknightseverythingsalright
  - Patchuragi.arknightslithos
  - Poncho.AutomaticHydroponics
  - CatLover366.BootsAndGloves
  - LongRange.CeleTech.ShuttleExtension
  - senselessfearful.CeleTech.Arsenal.Expanded
  - BreadMo.Cinders
  - ilyvion.colonymanagerredux
  - avilmask.CommonSense
  - Van.Beasts
  - azrazalea.dbh.springwater.patch
  - Epona.EponaDynasticRise
  - jaeger972.factionterritories
  - Aoba.Fortress.Industrial
  - GMMP.Graveyard
  - RooAndGloomy.DragonianRaceMod
  - halituisamaricanous.gravshuttle.retextured
  - Orion.Hospitality
  - kxp.IdeoSymbolsAsIdeograms
  - HaiLuan.Insect
  - Poupun.IsekaiCreaturesAddon
  - Ancot.KiiroRace
  - Seioch.Kurin.HAR
  - VAMV.MaruRaceMod
  - miho.fortifiedoutremer
  - Ancot.MiliraRace
  - HenTaiLoliTeam.Axolotl
  - Nemonian.MY2
  - GoGaTio.NewAnomalyThreats
  - Solaris.RatkinRaceMod
  - Rinmiolc.NPCStyleLimiter
  - sumghai.ReplimatMeals
  - NomadRw.RetextureandRestyleRimefeller
  - cj.rimtalk
  - Po210.RorenRaceModOfficial
  - MemeGoddess.SearchAndDestroy
  - Aoba.DeadManSwitch.AncientCorps
  - Riko.ControlSpine
  - Aoba.DeadManSwitch.Expedition
  - ZIRI.DeadManSwitch.PowerArmorExpanded
  - Aoba.DeadManSwitch.Synthetic
  - DMS.FleshandBloodLegion
  - DMS.MOREDozer
  - BotchJob.Profaned
  - GT.Sam.TilledSoil
  - VanillaExpanded.VBrewECandT
  - VanillaExpanded.VCookEBakery
  - VanillaExpanded.VCookEStews
  - VanillaExpanded.VCookESushi
  - OskarPotocki.VFE.Deserters
  - MrHydralisk.VOEAdditionalOutposts
  - VanillaExpanded.VTEXE
  - VanillaExpanded.VTEXVariations
  - Yukishiro.VenariumRace
  - MelonDove.WolfeinRace
  - TSA.WorldDominationExperimental
  - RooAndGloomy.YuranRaceMod
  - MF.AirTerritories
  - Paluto22.AK.Compatibility
  - kupa.EDandFTCompatPatch
  - VO.Vassal
  - lucius.ftfps
  - Goat.Food.Texture.Variety.Core
  - Aoba.Fortress.Industrial.Citadel
  - Barbariank.Hoomancute
  - hito.isekaimonsteraddon
  - Ancot.KiiroRaceGenePatch
  - Nyar.NCLvsTW
  - Ora.MihoEarsAndTails
  - RH.MihoRetextured
  - zzz.miho.fortifiedoutremer
  - Barbariank.MiliraHair
  - Ancot.MiliraRaceGenePatch
  - aota.moelotl.gills.tail.animation
  - ASEL.MonolynRace
  - keeptpa.NivarianRace
  - regen.odysseyshuttleretexture
  - EoralMilk.PawnTextureOffsetAdjuster
  - lordfelix.RimContractors
  - zzz.rimtalk.cinders
  - zzz.rimtalk.kiiro
  - zzz.rimtalk.miho
  - zzz.rimtalk.milira
  - zzz.rimtalk.ratkin
  - zzz.rimtalk.synthetic
  - Maiya.RimTalkDynamicColors
  - CH4AcKO3.SearchAndRescue
  - Srxf.DeadManSwitch.Legion
  - Aoba.DeadManSwitch.MobileDragoon
  - sirvan.tentsretexture
  - VanillaExpanded.VGeneticsE
  - VanillaExpanded.VIEAT
  - VanillaExpanded.VMemesE
  - MrHydralisk.VOEPowerGrid
  - leopoko.wolfeinallegiance
  - lepoko.wolfeinmoonwatch
  - Ancot.WolfeinRaceGenePatch
  - JL.WolfeinGFIExpanded
  - FrozenSnowFox.ComplexJobsLegacy
  - Goat.Food.Texture.Variety
  - Goat.Food.Texture.Variety.Babies
  - Goat.Food.Texture.Variety.Beer
  - Goat.Food.Texture.Variety.Cannibal
  - Goat.Food.Texture.Variety.Children
  - Goat.Food.Texture.Variety.Chocolate
  - Goat.Food.Texture.Variety.Paste
  - Goat.Food.Texture.Variety.Replacement
  - Goat.Food.Texture.Variety.Snacks
  - Goat.Food.Texture.Variety.VEBakery
  - Goat.Food.Texture.Variety.VBrewE
  - Goat.Food.Texture.Variety.VECoffeTea
  - Goat.Food.Texture.Variety.VECooking
  - Goat.Food.Texture.Variety.VEStew
  - Goat.Food.Texture.Variety.VESushi
  - Ayomi.Hoomancuteplus
  - Ayomi.Hoomancutemorefur
  - Ayomi.Xenotechforhoomancute
  - lunaglaze.Hoomancute.Prestige
  - ZuoYao.KiiroMaineCoon
  - Ancot.KiiroStoryEventsExpanded
  - feilong.NivarianEventExt
  - keeptpa.NivarianRace.ApparelConvenienceStore
  - MrHydralisk.VOEDeliveryLogistics
  - SecretaryNexus.VMECompatibilityPatch
  - bry.wolfeinPatches
  - Ayomi.HoomancuteplusWolfein
  - ZuoYao.KiiroSiamese
  - ZuoYao.KiiroRagdoll
  - aota.kiiro.ear.tail.animation.plus
  - vr.missilegirl
OSNCannon_Launch (mod Orostonian, the Frontiers Xenotypes and Factions) sound is missing resolved grains and will not work properly.
Error in Miho, the celestial fox, assembly name: MonoTail, method: MihochanPsycast:get_CanCast, exception: System.MissingMethodException: Method not found: bool RimWorld.Ability.get_CanCast()
[Ref 1F72C198] Duplicate stacktrace, see ref for original
Error in Miho, the celestial fox, assembly name: MonoTail, method: Torgue_Projectile_Explosive:Impact, exception: System.MissingMethodException: Method not found: void Verse.DamageInfo..ctor(Verse.DamageDef,single,single,single,Verse.Thing,Verse.BodyPartRecord,Verse.ThingDef,Verse.DamageInfo/SourceCategory,Verse.Thing,bool,bool,RimWorld.QualityCategory,bool)
[Ref 1F72C198] Duplicate stacktrace, see ref for original
Error in Miho, the celestial fox, assembly name: MonoTail, method: Projectile_Torgue_Rocket:Impact, exception: System.MissingMethodException: Method not found: void Verse.GenExplosion.DoExplosion(Verse.IntVec3,Verse.Map,single,Verse.DamageDef,Verse.Thing,int,single,Verse.SoundDef,Verse.ThingDef,Verse.ThingDef,Verse.Thing,Verse.ThingDef,single,int,System.Nullable`1<Verse.GasType>,bool,Verse.ThingDef,single,int,single,bool,System.Nullable`1<single>,System.Collections.Generic.List`1<Verse.Thing>,System.Nullable`1<Verse.FloatRange>,bool,single,single,bool,Verse.ThingDef,single,Verse.SimpleCurve,System.Collections.Generic.List`1<Verse.IntVec3>)
[Ref 1F72C198] Duplicate stacktrace, see ref for original
Error in Miho, the celestial fox, assembly name: MonoTail, method: Projectile_Torgue_Rocket:Explode, exception: System.MissingMethodException: Method not found: void Verse.GenExplosion.DoExplosion(Verse.IntVec3,Verse.Map,single,Verse.DamageDef,Verse.Thing,int,single,Verse.SoundDef,Verse.ThingDef,Verse.ThingDef,Verse.Thing,Verse.ThingDef,single,int,System.Nullable`1<Verse.GasType>,bool,Verse.ThingDef,single,int,single,bool,System.Nullable`1<single>,System.Collections.Generic.List`1<Verse.Thing>,System.Nullable`1<Verse.FloatRange>,bool,single,single,bool,Verse.ThingDef,single,Verse.SimpleCurve,System.Collections.Generic.List`1<Verse.IntVec3>)
[Ref 1F72C198] Duplicate stacktrace, see ref for original
Error in Miho, the celestial fox, assembly name: MonoTail, method: Torgue_Projectile_Explosive:Impact, exception: System.MissingMethodException: Method not found: void Verse.DamageInfo..ctor(Verse.DamageDef,single,single,single,Verse.Thing,Verse.BodyPartRecord,Verse.ThingDef,Verse.DamageInfo/SourceCategory,Verse.Thing,bool,bool,RimWorld.QualityCategory,bool)
[Ref 1F72C198] Duplicate stacktrace, see ref for original
Error in Miho, the celestial fox, assembly name: MonoTail, method: Projectile_Torgue_Rocket:Impact, exception: System.MissingMethodException: Method not found: void Verse.GenExplosion.DoExplosion(Verse.IntVec3,Verse.Map,single,Verse.DamageDef,Verse.Thing,int,single,Verse.SoundDef,Verse.ThingDef,Verse.ThingDef,Verse.Thing,Verse.ThingDef,single,int,System.Nullable`1<Verse.GasType>,bool,Verse.ThingDef,single,int,single,bool,System.Nullable`1<single>,System.Collections.Generic.List`1<Verse.Thing>,System.Nullable`1<Verse.FloatRange>,bool,single,single,bool,Verse.ThingDef,single,Verse.SimpleCurve,System.Collections.Generic.List`1<Verse.IntVec3>)
[Ref 1F72C198] Duplicate stacktrace, see ref for original
Error in Miho, the celestial fox, assembly name: MonoTail, method: Projectile_Torgue_Rocket:Explode, exception: System.MissingMethodException: Method not found: void Verse.GenExplosion.DoExplosion(Verse.IntVec3,Verse.Map,single,Verse.DamageDef,Verse.Thing,int,single,Verse.SoundDef,Verse.ThingDef,Verse.ThingDef,Verse.Thing,Verse.ThingDef,single,int,System.Nullable`1<Verse.GasType>,bool,Verse.ThingDef,single,int,single,bool,System.Nullable`1<single>,System.Collections.Generic.List`1<Verse.Thing>,System.Nullable`1<Verse.FloatRange>,bool,single,single,bool,Verse.ThingDef,single,Verse.SimpleCurve,System.Collections.Generic.List`1<Verse.IntVec3>)
[Ref 1F72C198] Duplicate stacktrace, see ref for original
Error in Miho, the celestial fox, assembly name: MonoTail, method: CompProximityFuseMiho:CompTickRare, exception: System.MissingMethodException: Method not found: Verse.TraverseParms Verse.TraverseParms.For(Verse.TraverseMode,Verse.Danger,bool,bool,bool)
[Ref 1F72C198]
(wrapper managed-to-native) System.Reflection.RuntimeModule.ResolveMethodToken(intptr,int,intptr[],intptr[],System.Reflection.ResolveTokenError&)
  at System.Reflection.RuntimeModule.ResolveMethod (System.Reflection.Module module, System.IntPtr monoModule, System.Int32 metadataToken, System.Type[] genericTypeArguments, System.Type[] genericMethodArguments) [0x0000f] in <51fded79cd284d4d911c5949aff4cb21>:0 
  at System.Reflection.RuntimeModule.ResolveMethod (System.Int32 metadataToken, System.Type[] genericTypeArguments, System.Type[] genericMethodArguments) [0x00000] in <51fded79cd284d4d911c5949aff4cb21>:0 
  at HarmonyLib.MethodBodyReader.ReadOperand (HarmonyLib.ILInstruction instruction) [0x00366] in <024a0e6ec8c2437ead047b6279389c23>:0 
  at HarmonyLib.MethodBodyReader.GenerateInstructions () [0x00022] in <024a0e6ec8c2437ead047b6279389c23>:0 
HarmonyLib.MethodCopier..ctor(MethodBase fromMethod, ILGenerator toILGenerator, LocalBuilder[] existingVariables)
  at HarmonyLib.MethodCopier.GetInstructions (System.Reflection.Emit.ILGenerator generator, System.Reflection.MethodBase method, System.Int32 maxTranspilers) [0x00024] in <024a0e6ec8c2437ead047b6279389c23>:0 
  at HarmonyLib.PatchProcessor.GetOriginalInstructions (System.Reflection.MethodBase original, System.Reflection.Emit.ILGenerator generator) [0x0000b] in <024a0e6ec8c2437ead047b6279389c23>:0 
  at ModErrorChecker.ModErrorChecker.CheckAssemblies () [0x000af] in <c01cefb11f204c02a513919b7c43f698>:0 
Error in [LTS]Xenotech, assembly name: LTSXenotech, method: GeneWithComps:Notify_PawnDied, exception: System.MissingMethodException: Method not found: void Verse.GenExplosion.DoExplosion(Verse.IntVec3,Verse.Map,single,Verse.DamageDef,Verse.Thing,int,single,Verse.SoundDef,Verse.ThingDef,Verse.ThingDef,Verse.Thing,Verse.ThingDef,single,int,System.Nullable`1<Verse.GasType>,bool,Verse.ThingDef,single,int,single,bool,System.Nullable`1<single>,System.Collections.Generic.List`1<Verse.Thing>,System.Nullable`1<Verse.FloatRange>,bool,single,single,bool,Verse.ThingDef,single,Verse.SimpleCurve,System.Collections.Generic.List`1<Verse.IntVec3>,Verse.ThingDef,Verse.ThingDef)
[Ref 1F72C198]
(wrapper managed-to-native) System.Reflection.RuntimeModule.ResolveMethodToken(intptr,int,intptr[],intptr[],System.Reflection.ResolveTokenError&)
  at System.Reflection.RuntimeModule.ResolveMethod (System.Reflection.Module module, System.IntPtr monoModule, System.Int32 metadataToken, System.Type[] genericTypeArguments, System.Type[] genericMethodArguments) [0x0000f] in <51fded79cd284d4d911c5949aff4cb21>:0 
  at System.Reflection.RuntimeModule.ResolveMethod (System.Int32 metadataToken, System.Type[] genericTypeArguments, System.Type[] genericMethodArguments) [0x00000] in <51fded79cd284d4d911c5949aff4cb21>:0 
  at HarmonyLib.MethodBodyReader.ReadOperand (HarmonyLib.ILInstruction instruction) [0x00366] in <024a0e6ec8c2437ead047b6279389c23>:0 
  at HarmonyLib.MethodBodyReader.GenerateInstructions () [0x00022] in <024a0e6ec8c2437ead047b6279389c23>:0 
HarmonyLib.MethodCopier..ctor(MethodBase fromMethod, ILGenerator toILGenerator, LocalBuilder[] existingVariables)
  at HarmonyLib.MethodCopier.GetInstructions (System.Reflection.Emit.ILGenerator generator, System.Reflection.MethodBase method, System.Int32 maxTranspilers) [0x00024] in <024a0e6ec8c2437ead047b6279389c23>:0 
  at HarmonyLib.PatchProcessor.GetOriginalInstructions (System.Reflection.MethodBase original, System.Reflection.Emit.ILGenerator generator) [0x0000b] in <024a0e6ec8c2437ead047b6279389c23>:0 
  at ModErrorChecker.ModErrorChecker.CheckAssemblies () [0x000af] in <c01cefb11f204c02a513919b7c43f698>:0 
NullReferenceException: Object reference not set to an instance of an object
[Ref AB2188D6] Duplicate stacktrace, see ref for original

NullReferenceException: Object reference not set to an instance of an object
[Ref AB2188D6] Duplicate stacktrace, see ref for original

NullReferenceException: Object reference not set to an instance of an object
[Ref AB2188D6] Duplicate stacktrace, see ref for original

NullReferenceException: Object reference not set to an instance of an object
[Ref AB2188D6] Duplicate stacktrace, see ref for original

NullReferenceException: Object reference not set to an instance of an object
[Ref AB2188D6] Duplicate stacktrace, see ref for original

NullReferenceException: Object reference not set to an instance of an object
[Ref AB2188D6] Duplicate stacktrace, see ref for original

NullReferenceException: Object reference not set to an instance of an object
[Ref AB2188D6] Duplicate stacktrace, see ref for original

NullReferenceException: Object reference not set to an instance of an object
[Ref AB2188D6] Duplicate stacktrace, see ref for original

NullReferenceException: Object reference not set to an instance of an object
[Ref AB2188D6] Duplicate stacktrace, see ref for original

NullReferenceException: Object reference not set to an instance of an object
[Ref AB2188D6] Duplicate stacktrace, see ref for original

NullReferenceException: Object reference not set to an instance of an object
[Ref AB2188D6] Duplicate stacktrace, see ref for original

NullReferenceException: Object reference not set to an instance of an object
[Ref AB2188D6] Duplicate stacktrace, see ref for original

NullReferenceException: Object reference not set to an instance of an object
[Ref AB2188D6] Duplicate stacktrace, see ref for original

NullReferenceException: Object reference not set to an instance of an object
[Ref AB2188D6] Duplicate stacktrace, see ref for original

NullReferenceException: Object reference not set to an instance of an object
[Ref AB2188D6] Duplicate stacktrace, see ref for original

NullReferenceException: Object reference not set to an instance of an object
[Ref AB2188D6] Duplicate stacktrace, see ref for original

NullReferenceException: Object reference not set to an instance of an object
[Ref AB2188D6] Duplicate stacktrace, see ref for original

NullReferenceException: Object reference not set to an instance of an object
[Ref AB2188D6] Duplicate stacktrace, see ref for original

NullReferenceException: Object reference not set to an instance of an object
[Ref AB2188D6] Duplicate stacktrace, see ref for original

NullReferenceException: Object reference not set to an instance of an object
[Ref AB2188D6] Duplicate stacktrace, see ref for original

NullReferenceException: Object reference not set to an instance of an object
[Ref AB2188D6] Duplicate stacktrace, see ref for original

NullReferenceException: Object reference not set to an instance of an object
[Ref AB2188D6] Duplicate stacktrace, see ref for original

NullReferenceException: Object reference not set to an instance of an object
[Ref AB2188D6] Duplicate stacktrace, see ref for original

NullReferenceException: Object reference not set to an instance of an object
[Ref AB2188D6] Duplicate stacktrace, see ref for original

NullReferenceException: Object reference not set to an instance of an object
[Ref AB2188D6] Duplicate stacktrace, see ref for original

NullReferenceException: Object reference not set to an instance of an object
[Ref AB2188D6] Duplicate stacktrace, see ref for original

NullReferenceException: Object reference not set to an instance of an object
[Ref AB2188D6] Duplicate stacktrace, see ref for original

NullReferenceException: Object reference not set to an instance of an object
[Ref AB2188D6] Duplicate stacktrace, see ref for original

NullReferenceException: Object reference not set to an instance of an object
[Ref AB2188D6] Duplicate stacktrace, see ref for original

NullReferenceException: Object reference not set to an instance of an object
[Ref AB2188D6] Duplicate stacktrace, see ref for original

NullReferenceException: Object reference not set to an instance of an object
[Ref AB2188D6] Duplicate stacktrace, see ref for original

NullReferenceException: Object reference not set to an instance of an object
[Ref AB2188D6] Duplicate stacktrace, see ref for original

NullReferenceException: Object reference not set to an instance of an object
[Ref AB2188D6] Duplicate stacktrace, see ref for original

NullReferenceException: Object reference not set to an instance of an object
[Ref AB2188D6] Duplicate stacktrace, see ref for original

NullReferenceException: Object reference not set to an instance of an object
[Ref AB2188D6] Duplicate stacktrace, see ref for original

NullReferenceException: Object reference not set to an instance of an object
[Ref AB2188D6] Duplicate stacktrace, see ref for original

NullReferenceException: Object reference not set to an instance of an object
[Ref AB2188D6] Duplicate stacktrace, see ref for original

NullReferenceException: Object reference not set to an instance of an object
[Ref AB2188D6] Duplicate stacktrace, see ref for original

NullReferenceException: Object reference not set to an instance of an object
[Ref AB2188D6] Duplicate stacktrace, see ref for original

NullReferenceException: Object reference not set to an instance of an object
[Ref AB2188D6] Duplicate stacktrace, see ref for original

NullReferenceException: Object reference not set to an instance of an object
[Ref AB2188D6] Duplicate stacktrace, see ref for original

NullReferenceException: Object reference not set to an instance of an object
[Ref AB2188D6] Duplicate stacktrace, see ref for original

NullReferenceException: Object reference not set to an instance of an object
[Ref AB2188D6] Duplicate stacktrace, see ref for original

NullReferenceException: Object reference not set to an instance of an object
[Ref AB2188D6] Duplicate stacktrace, see ref for original

NullReferenceException: Object reference not set to an instance of an object
[Ref AB2188D6] Duplicate stacktrace, see ref for original

NullReferenceException: Object reference not set to an instance of an object
[Ref AB2188D6] Duplicate stacktrace, see ref for original

NullReferenceException: Object reference not set to an instance of an object
[Ref AB2188D6] Duplicate stacktrace, see ref for original

NullReferenceException: Object reference not set to an instance of an object
[Ref AB2188D6] Duplicate stacktrace, see ref for original

NullReferenceException: Object reference not set to an instance of an object
[Ref AB2188D6] Duplicate stacktrace, see ref for original

NullReferenceException: Object reference not set to an instance of an object
[Ref AB2188D6] Duplicate stacktrace, see ref for original

NullReferenceException: Object reference not set to an instance of an object
[Ref AB2188D6] Duplicate stacktrace, see ref for original

NullReferenceException: Object reference not set to an instance of an object
[Ref AB2188D6] Duplicate stacktrace, see ref for original

NullReferenceException: Object reference not set to an instance of an object
[Ref AB2188D6] Duplicate stacktrace, see ref for original

NullReferenceException: Object reference not set to an instance of an object
[Ref AB2188D6] Duplicate stacktrace, see ref for original

NullReferenceException: Object reference not set to an instance of an object
[Ref AB2188D6] Duplicate stacktrace, see ref for original

NullReferenceException: Object reference not set to an instance of an object
[Ref AB2188D6] Duplicate stacktrace, see ref for original

NullReferenceException: Object reference not set to an instance of an object
[Ref AB2188D6] Duplicate stacktrace, see ref for original

NullReferenceException: Object reference not set to an instance of an object
[Ref AB2188D6] Duplicate stacktrace, see ref for original

NullReferenceException: Object reference not set to an instance of an object
[Ref AB2188D6] Duplicate stacktrace, see ref for original

NullReferenceException: Object reference not set to an instance of an object
[Ref AB2188D6] Duplicate stacktrace, see ref for original

NullReferenceException: Object reference not set to an instance of an object
[Ref AB2188D6] Duplicate stacktrace, see ref for original

NullReferenceException: Object reference not set to an instance of an object
[Ref AB2188D6] Duplicate stacktrace, see ref for original

NullReferenceException: Object reference not set to an instance of an object
[Ref AB2188D6] Duplicate stacktrace, see ref for original

NullReferenceException: Object reference not set to an instance of an object
[Ref AB2188D6] Duplicate stacktrace, see ref for original

NullReferenceException: Object reference not set to an instance of an object
[Ref AB2188D6] Duplicate stacktrace, see ref for original

NullReferenceException: Object reference not set to an instance of an object
[Ref AB2188D6] Duplicate stacktrace, see ref for original

NullReferenceException: Object reference not set to an instance of an object
[Ref AB2188D6] Duplicate stacktrace, see ref for original

NullReferenceException: Object reference not set to an instance of an object
[Ref AB2188D6] Duplicate stacktrace, see ref for original

NullReferenceException: Object reference not set to an instance of an object
[Ref AB2188D6] Duplicate stacktrace, see ref for original

NullReferenceException: Object reference not set to an instance of an object
[Ref AB2188D6] Duplicate stacktrace, see ref for original

NullReferenceException: Object reference not set to an instance of an object
[Ref AB2188D6] Duplicate stacktrace, see ref for original

NullReferenceException: Object reference not set to an instance of an object
[Ref AB2188D6] Duplicate stacktrace, see ref for original

NullReferenceException: Object reference not set to an instance of an object
[Ref AB2188D6] Duplicate stacktrace, see ref for original

NullReferenceException: Object reference not set to an instance of an object
[Ref AB2188D6] Duplicate stacktrace, see ref for original

NullReferenceException: Object reference not set to an instance of an object
[Ref AB2188D6] Duplicate stacktrace, see ref for original

NullReferenceException: Object reference not set to an instance of an object
[Ref AB2188D6] Duplicate stacktrace, see ref for original

NullReferenceException: Object reference not set to an instance of an object
[Ref AB2188D6] Duplicate stacktrace, see ref for original

NullReferenceException: Object reference not set to an instance of an object
[Ref AB2188D6] Duplicate stacktrace, see ref for original

NullReferenceException: Object reference not set to an instance of an object
[Ref AB2188D6] Duplicate stacktrace, see ref for original

NullReferenceException: Object reference not set to an instance of an object
[Ref AB2188D6] Duplicate stacktrace, see ref for original

NullReferenceException: Object reference not set to an instance of an object
[Ref AB2188D6] Duplicate stacktrace, see ref for original

NullReferenceException: Object reference not set to an instance of an object
[Ref AB2188D6] Duplicate stacktrace, see ref for original

NullReferenceException: Object reference not set to an instance of an object
[Ref AB2188D6] Duplicate stacktrace, see ref for original

NullReferenceException: Object reference not set to an instance of an object
[Ref AB2188D6] Duplicate stacktrace, see ref for original

NullReferenceException: Object reference not set to an instance of an object
[Ref AB2188D6] Duplicate stacktrace, see ref for original

NullReferenceException: Object reference not set to an instance of an object
[Ref AB2188D6] Duplicate stacktrace, see ref for original

NullReferenceException: Object reference not set to an instance of an object
[Ref AB2188D6] Duplicate stacktrace, see ref for original

NullReferenceException: Object reference not set to an instance of an object
[Ref AB2188D6] Duplicate stacktrace, see ref for original

NullReferenceException: Object reference not set to an instance of an object
[Ref AB2188D6] Duplicate stacktrace, see ref for original

NullReferenceException: Object reference not set to an instance of an object
[Ref AB2188D6] Duplicate stacktrace, see ref for original

NullReferenceException: Object reference not set to an instance of an object
[Ref AB2188D6] Duplicate stacktrace, see ref for original

NullReferenceException: Object reference not set to an instance of an object
[Ref AB2188D6] Duplicate stacktrace, see ref for original

NullReferenceException: Object reference not set to an instance of an object
[Ref AB2188D6] Duplicate stacktrace, see ref for original

NullReferenceException: Object reference not set to an instance of an object
[Ref AB2188D6] Duplicate stacktrace, see ref for original

NullReferenceException: Object reference not set to an instance of an object
[Ref AB2188D6] Duplicate stacktrace, see ref for original

NullReferenceException: Object reference not set to an instance of an object
[Ref AB2188D6] Duplicate stacktrace, see ref for original

NullReferenceException: Object reference not set to an instance of an object
[Ref AB2188D6] Duplicate stacktrace, see ref for original

NullReferenceException: Object reference not set to an instance of an object
[Ref AB2188D6] Duplicate stacktrace, see ref for original

NullReferenceException: Object reference not set to an instance of an object
[Ref AB2188D6] Duplicate stacktrace, see ref for original

NullReferenceException: Object reference not set to an instance of an object
[Ref AB2188D6] Duplicate stacktrace, see ref for original

NullReferenceException: Object reference not set to an instance of an object
[Ref AB2188D6] Duplicate stacktrace, see ref for original

NullReferenceException: Object reference not set to an instance of an object
[Ref AB2188D6] Duplicate stacktrace, see ref for original

NullReferenceException: Object reference not set to an instance of an object
[Ref AB2188D6] Duplicate stacktrace, see ref for original

NullReferenceException: Object reference not set to an instance of an object
[Ref AB2188D6] Duplicate stacktrace, see ref for original

NullReferenceException: Object reference not set to an instance of an object
[Ref AB2188D6] Duplicate stacktrace, see ref for original

NullReferenceException: Object reference not set to an instance of an object
[Ref AB2188D6] Duplicate stacktrace, see ref for original

NullReferenceException: Object reference not set to an instance of an object
[Ref AB2188D6] Duplicate stacktrace, see ref for original

NullReferenceException: Object reference not set to an instance of an object
[Ref AB2188D6] Duplicate stacktrace, see ref for original

NullReferenceException: Object reference not set to an instance of an object
[Ref AB2188D6] Duplicate stacktrace, see ref for original

NullReferenceException: Object reference not set to an instance of an object
[Ref AB2188D6] Duplicate stacktrace, see ref for original

NullReferenceException: Object reference not set to an instance of an object
[Ref AB2188D6] Duplicate stacktrace, see ref for original

NullReferenceException: Object reference not set to an instance of an object
[Ref AB2188D6] Duplicate stacktrace, see ref for original

NullReferenceException: Object reference not set to an instance of an object
[Ref AB2188D6] Duplicate stacktrace, see ref for original

NullReferenceException: Object reference not set to an instance of an object
[Ref AB2188D6] Duplicate stacktrace, see ref for original

NullReferenceException: Object reference not set to an instance of an object
[Ref AB2188D6] Duplicate stacktrace, see ref for original

NullReferenceException: Object reference not set to an instance of an object
[Ref AB2188D6] Duplicate stacktrace, see ref for original

NullReferenceException: Object reference not set to an instance of an object
[Ref AB2188D6] Duplicate stacktrace, see ref for original

NullReferenceException: Object reference not set to an instance of an object
[Ref AB2188D6] Duplicate stacktrace, see ref for original

NullReferenceException: Object reference not set to an instance of an object
[Ref AB2188D6] Duplicate stacktrace, see ref for original

NullReferenceException: Object reference not set to an instance of an object
[Ref AB2188D6] Duplicate stacktrace, see ref for original

NullReferenceException: Object reference not set to an instance of an object
[Ref AB2188D6] Duplicate stacktrace, see ref for original

NullReferenceException: Object reference not set to an instance of an object
[Ref AB2188D6] Duplicate stacktrace, see ref for original

NullReferenceException: Object reference not set to an instance of an object
[Ref AB2188D6] Duplicate stacktrace, see ref for original

NullReferenceException: Object reference not set to an instance of an object
[Ref AB2188D6] Duplicate stacktrace, see ref for original

NullReferenceException: Object reference not set to an instance of an object
[Ref AB2188D6] Duplicate stacktrace, see ref for original

NullReferenceException: Object reference not set to an instance of an object
[Ref AB2188D6] Duplicate stacktrace, see ref for original

NullReferenceException: Object reference not set to an instance of an object
[Ref AB2188D6] Duplicate stacktrace, see ref for original

NullReferenceException: Object reference not set to an instance of an object
[Ref AB2188D6] Duplicate stacktrace, see ref for original

NullReferenceException: Object reference not set to an instance of an object
[Ref AB2188D6] Duplicate stacktrace, see ref for original

NullReferenceException: Object reference not set to an instance of an object
[Ref AB2188D6] Duplicate stacktrace, see ref for original

NullReferenceException: Object reference not set to an instance of an object
[Ref AB2188D6] Duplicate stacktrace, see ref for original

NullReferenceException: Object reference not set to an instance of an object
[Ref AB2188D6] Duplicate stacktrace, see ref for original

NullReferenceException: Object reference not set to an instance of an object
[Ref AB2188D6] Duplicate stacktrace, see ref for original

NullReferenceException: Object reference not set to an instance of an object
[Ref AB2188D6] Duplicate stacktrace, see ref for original

NullReferenceException: Object reference not set to an instance of an object
[Ref AB2188D6] Duplicate stacktrace, see ref for original

NullReferenceException: Object reference not set to an instance of an object
[Ref AB2188D6] Duplicate stacktrace, see ref for original

NullReferenceException: Object reference not set to an instance of an object
[Ref AB2188D6] Duplicate stacktrace, see ref for original

NullReferenceException: Object reference not set to an instance of an object
[Ref AB2188D6] Duplicate stacktrace, see ref for original

NullReferenceException: Object reference not set to an instance of an object
[Ref AB2188D6] Duplicate stacktrace, see ref for original

NullReferenceException: Object reference not set to an instance of an object
[Ref AB2188D6] Duplicate stacktrace, see ref for original

NullReferenceException: Object reference not set to an instance of an object
[Ref AB2188D6] Duplicate stacktrace, see ref for original

NullReferenceException: Object reference not set to an instance of an object
[Ref AB2188D6] Duplicate stacktrace, see ref for original

NullReferenceException: Object reference not set to an instance of an object
[Ref AB2188D6] Duplicate stacktrace, see ref for original

NullReferenceException: Object reference not set to an instance of an object
[Ref AB2188D6] Duplicate stacktrace, see ref for original

NullReferenceException: Object reference not set to an instance of an object
[Ref AB2188D6] Duplicate stacktrace, see ref for original

NullReferenceException: Object reference not set to an instance of an object
[Ref AB2188D6] Duplicate stacktrace, see ref for original

NullReferenceException: Object reference not set to an instance of an object
[Ref AB2188D6] Duplicate stacktrace, see ref for original

NullReferenceException: Object reference not set to an instance of an object
[Ref AB2188D6] Duplicate stacktrace, see ref for original

NullReferenceException: Object reference not set to an instance of an object
[Ref AB2188D6] Duplicate stacktrace, see ref for original

NullReferenceException: Object reference not set to an instance of an object
[Ref AB2188D6] Duplicate stacktrace, see ref for original

NullReferenceException: Object reference not set to an instance of an object
[Ref AB2188D6] Duplicate stacktrace, see ref for original

NullReferenceException: Object reference not set to an instance of an object
[Ref AB2188D6] Duplicate stacktrace, see ref for original

NullReferenceException: Object reference not set to an instance of an object
[Ref AB2188D6] Duplicate stacktrace, see ref for original

NullReferenceException: Object reference not set to an instance of an object
[Ref AB2188D6] Duplicate stacktrace, see ref for original

NullReferenceException: Object reference not set to an instance of an object
[Ref AB2188D6] Duplicate stacktrace, see ref for original

NullReferenceException: Object reference not set to an instance of an object
[Ref AB2188D6] Duplicate stacktrace, see ref for original

NullReferenceException: Object reference not set to an instance of an object
[Ref AB2188D6] Duplicate stacktrace, see ref for original

NullReferenceException: Object reference not set to an instance of an object
[Ref AB2188D6] Duplicate stacktrace, see ref for original

NullReferenceException: Object reference not set to an instance of an object
[Ref AB2188D6] Duplicate stacktrace, see ref for original

NullReferenceException: Object reference not set to an instance of an object
[Ref AB2188D6] Duplicate stacktrace, see ref for original

NullReferenceException: Object reference not set to an instance of an object
[Ref AB2188D6] Duplicate stacktrace, see ref for original

NullReferenceException: Object reference not set to an instance of an object
[Ref AB2188D6] Duplicate stacktrace, see ref for original

NullReferenceException: Object reference not set to an instance of an object
[Ref AB2188D6] Duplicate stacktrace, see ref for original

NullReferenceException: Object reference not set to an instance of an object
[Ref AB2188D6] Duplicate stacktrace, see ref for original

NullReferenceException: Object reference not set to an instance of an object
[Ref AB2188D6] Duplicate stacktrace, see ref for original

NullReferenceException: Object reference not set to an instance of an object
[Ref AB2188D6] Duplicate stacktrace, see ref for original

NullReferenceException: Object reference not set to an instance of an object
[Ref AB2188D6] Duplicate stacktrace, see ref for original

NullReferenceException: Object reference not set to an instance of an object
[Ref AB2188D6] Duplicate stacktrace, see ref for original

NullReferenceException: Object reference not set to an instance of an object
[Ref AB2188D6] Duplicate stacktrace, see ref for original

NullReferenceException: Object reference not set to an instance of an object
[Ref AB2188D6] Duplicate stacktrace, see ref for original

NullReferenceException: Object reference not set to an instance of an object
[Ref AB2188D6] Duplicate stacktrace, see ref for original

NullReferenceException: Object reference not set to an instance of an object
[Ref AB2188D6] Duplicate stacktrace, see ref for original

NullReferenceException: Object reference not set to an instance of an object
[Ref AB2188D6] Duplicate stacktrace, see ref for original

NullReferenceException: Object reference not set to an instance of an object
[Ref AB2188D6] Duplicate stacktrace, see ref for original

NullReferenceException: Object reference not set to an instance of an object
[Ref AB2188D6] Duplicate stacktrace, see ref for original

NullReferenceException: Object reference not set to an instance of an object
[Ref AB2188D6] Duplicate stacktrace, see ref for original

NullReferenceException: Object reference not set to an instance of an object
[Ref AB2188D6] Duplicate stacktrace, see ref for original

NullReferenceException: Object reference not set to an instance of an object
[Ref AB2188D6] Duplicate stacktrace, see ref for original

NullReferenceException: Object reference not set to an instance of an object
[Ref AB2188D6] Duplicate stacktrace, see ref for original

NullReferenceException: Object reference not set to an instance of an object
[Ref AB2188D6] Duplicate stacktrace, see ref for original

NullReferenceException: Object reference not set to an instance of an object
[Ref AB2188D6] Duplicate stacktrace, see ref for original

NullReferenceException: Object reference not set to an instance of an object
[Ref AB2188D6] Duplicate stacktrace, see ref for original

NullReferenceException: Object reference not set to an instance of an object
[Ref AB2188D6] Duplicate stacktrace, see ref for original

NullReferenceException: Object reference not set to an instance of an object
[Ref AB2188D6] Duplicate stacktrace, see ref for original

NullReferenceException: Object reference not set to an instance of an object
[Ref AB2188D6] Duplicate stacktrace, see ref for original

NullReferenceException: Object reference not set to an instance of an object
[Ref AB2188D6] Duplicate stacktrace, see ref for original

NullReferenceException: Object reference not set to an instance of an object
[Ref AB2188D6] Duplicate stacktrace, see ref for original

NullReferenceException: Object reference not set to an instance of an object
[Ref AB2188D6] Duplicate stacktrace, see ref for original

NullReferenceException: Object reference not set to an instance of an object
[Ref AB2188D6] Duplicate stacktrace, see ref for original

NullReferenceException: Object reference not set to an instance of an object
[Ref AB2188D6] Duplicate stacktrace, see ref for original

NullReferenceException: Object reference not set to an instance of an object
[Ref AB2188D6] Duplicate stacktrace, see ref for original

NullReferenceException: Object reference not set to an instance of an object
[Ref AB2188D6] Duplicate stacktrace, see ref for original

NullReferenceException: Object reference not set to an instance of an object
[Ref AB2188D6] Duplicate stacktrace, see ref for original

NullReferenceException: Object reference not set to an instance of an object
[Ref AB2188D6] Duplicate stacktrace, see ref for original

NullReferenceException: Object reference not set to an instance of an object
[Ref AB2188D6] Duplicate stacktrace, see ref for original

NullReferenceException: Object reference not set to an instance of an object
[Ref AB2188D6] Duplicate stacktrace, see ref for original

NullReferenceException: Object reference not set to an instance of an object
[Ref AB2188D6] Duplicate stacktrace, see ref for original

NullReferenceException: Object reference not set to an instance of an object
[Ref AB2188D6] Duplicate stacktrace, see ref for original

NullReferenceException: Object reference not set to an instance of an object
[Ref AB2188D6] Duplicate stacktrace, see ref for original

NullReferenceException: Object reference not set to an instance of an object
[Ref AB2188D6] Duplicate stacktrace, see ref for original

NullReferenceException: Object reference not set to an instance of an object
[Ref AB2188D6] Duplicate stacktrace, see ref for original

NullReferenceException: Object reference not set to an instance of an object
[Ref AB2188D6] Duplicate stacktrace, see ref for original

NullReferenceException: Object reference not set to an instance of an object
[Ref AB2188D6] Duplicate stacktrace, see ref for original

NullReferenceException: Object reference not set to an instance of an object
[Ref AB2188D6] Duplicate stacktrace, see ref for original

NullReferenceException: Object reference not set to an instance of an object
[Ref AB2188D6] Duplicate stacktrace, see ref for original

NullReferenceException: Object reference not set to an instance of an object
[Ref AB2188D6] Duplicate stacktrace, see ref for original

NullReferenceException: Object reference not set to an instance of an object
[Ref AB2188D6] Duplicate stacktrace, see ref for original

NullReferenceException: Object reference not set to an instance of an object
[Ref AB2188D6] Duplicate stacktrace, see ref for original

NullReferenceException: Object reference not set to an instance of an object
[Ref AB2188D6] Duplicate stacktrace, see ref for original

NullReferenceException: Object reference not set to an instance of an object
[Ref AB2188D6] Duplicate stacktrace, see ref for original

NullReferenceException: Object reference not set to an instance of an object
[Ref AB2188D6] Duplicate stacktrace, see ref for original

NullReferenceException: Object reference not set to an instance of an object
[Ref AB2188D6] Duplicate stacktrace, see ref for original

NullReferenceException: Object reference not set to an instance of an object
[Ref AB2188D6] Duplicate stacktrace, see ref for original

NullReferenceException: Object reference not set to an instance of an object
[Ref AB2188D6] Duplicate stacktrace, see ref for original

NullReferenceException: Object reference not set to an instance of an object
[Ref AB2188D6] Duplicate stacktrace, see ref for original

NullReferenceException: Object reference not set to an instance of an object
[Ref AB2188D6] Duplicate stacktrace, see ref for original

NullReferenceException: Object reference not set to an instance of an object
[Ref AB2188D6] Duplicate stacktrace, see ref for original

NullReferenceException: Object reference not set to an instance of an object
[Ref AB2188D6] Duplicate stacktrace, see ref for original

NullReferenceException: Object reference not set to an instance of an object
[Ref AB2188D6] Duplicate stacktrace, see ref for original

NullReferenceException: Object reference not set to an instance of an object
[Ref AB2188D6] Duplicate stacktrace, see ref for original

NullReferenceException: Object reference not set to an instance of an object
[Ref AB2188D6] Duplicate stacktrace, see ref for original

NullReferenceException: Object reference not set to an instance of an object
[Ref AB2188D6] Duplicate stacktrace, see ref for original

NullReferenceException: Object reference not set to an instance of an object
[Ref AB2188D6] Duplicate stacktrace, see ref for original

NullReferenceException: Object reference not set to an instance of an object
[Ref AB2188D6] Duplicate stacktrace, see ref for original

NullReferenceException: Object reference not set to an instance of an object
[Ref AB2188D6] Duplicate stacktrace, see ref for original

NullReferenceException: Object reference not set to an instance of an object
[Ref AB2188D6] Duplicate stacktrace, see ref for original

NullReferenceException: Object reference not set to an instance of an object
[Ref AB2188D6] Duplicate stacktrace, see ref for original

NullReferenceException: Object reference not set to an instance of an object
[Ref AB2188D6] Duplicate stacktrace, see ref for original

NullReferenceException: Object reference not set to an instance of an object
[Ref AB2188D6] Duplicate stacktrace, see ref for original

NullReferenceException: Object reference not set to an instance of an object
[Ref AB2188D6] Duplicate stacktrace, see ref for original

NullReferenceException: Object reference not set to an instance of an object
[Ref AB2188D6] Duplicate stacktrace, see ref for original

NullReferenceException: Object reference not set to an instance of an object
[Ref AB2188D6] Duplicate stacktrace, see ref for original

NullReferenceException: Object reference not set to an instance of an object
[Ref AB2188D6] Duplicate stacktrace, see ref for original

NullReferenceException: Object reference not set to an instance of an object
[Ref AB2188D6] Duplicate stacktrace, see ref for original

NullReferenceException: Object reference not set to an instance of an object
[Ref AB2188D6] Duplicate stacktrace, see ref for original

NullReferenceException: Object reference not set to an instance of an object
[Ref AB2188D6] Duplicate stacktrace, see ref for original

NullReferenceException: Object reference not set to an instance of an object
[Ref AB2188D6] Duplicate stacktrace, see ref for original

NullReferenceException: Object reference not set to an instance of an object
[Ref AB2188D6] Duplicate stacktrace, see ref for original

NullReferenceException: Object reference not set to an instance of an object
[Ref AB2188D6] Duplicate stacktrace, see ref for original

NullReferenceException: Object reference not set to an instance of an object
[Ref AB2188D6] Duplicate stacktrace, see ref for original

NullReferenceException: Object reference not set to an instance of an object
[Ref AB2188D6] Duplicate stacktrace, see ref for original

NullReferenceException: Object reference not set to an instance of an object
[Ref AB2188D6] Duplicate stacktrace, see ref for original

NullReferenceException: Object reference not set to an instance of an object
[Ref AB2188D6] Duplicate stacktrace, see ref for original

NullReferenceException: Object reference not set to an instance of an object
[Ref AB2188D6] Duplicate stacktrace, see ref for original

NullReferenceException: Object reference not set to an instance of an object
[Ref AB2188D6] Duplicate stacktrace, see ref for original

NullReferenceException: Object reference not set to an instance of an object
[Ref AB2188D6] Duplicate stacktrace, see ref for original

NullReferenceException: Object reference not set to an instance of an object
[Ref AB2188D6] Duplicate stacktrace, see ref for original

NullReferenceException: Object reference not set to an instance of an object
[Ref AB2188D6] Duplicate stacktrace, see ref for original

NullReferenceException: Object reference not set to an instance of an object
[Ref AB2188D6] Duplicate stacktrace, see ref for original

NullReferenceException: Object reference not set to an instance of an object
[Ref AB2188D6] Duplicate stacktrace, see ref for original

NullReferenceException: Object reference not set to an instance of an object
[Ref AB2188D6] Duplicate stacktrace, see ref for original

NullReferenceException: Object reference not set to an instance of an object
[Ref AB2188D6] Duplicate stacktrace, see ref for original

NullReferenceException: Object reference not set to an instance of an object
[Ref AB2188D6] Duplicate stacktrace, see ref for original

NullReferenceException: Object reference not set to an instance of an object
[Ref AB2188D6] Duplicate stacktrace, see ref for original

NullReferenceException: Object reference not set to an instance of an object
[Ref AB2188D6] Duplicate stacktrace, see ref for original

NullReferenceException: Object reference not set to an instance of an object
[Ref AB2188D6] Duplicate stacktrace, see ref for original

NullReferenceException: Object reference not set to an instance of an object
[Ref AB2188D6] Duplicate stacktrace, see ref for original

NullReferenceException: Object reference not set to an instance of an object
[Ref AB2188D6] Duplicate stacktrace, see ref for original

NullReferenceException: Object reference not set to an instance of an object
[Ref AB2188D6] Duplicate stacktrace, see ref for original

NullReferenceException: Object reference not set to an instance of an object
[Ref AB2188D6] Duplicate stacktrace, see ref for original

NullReferenceException: Object reference not set to an instance of an object
[Ref AB2188D6] Duplicate stacktrace, see ref for original

NullReferenceException: Object reference not set to an instance of an object
[Ref AB2188D6] Duplicate stacktrace, see ref for original

NullReferenceException: Object reference not set to an instance of an object
[Ref AB2188D6] Duplicate stacktrace, see ref for original

NullReferenceException: Object reference not set to an instance of an object
[Ref AB2188D6] Duplicate stacktrace, see ref for original

NullReferenceException: Object reference not set to an instance of an object
[Ref AB2188D6] Duplicate stacktrace, see ref for original

NullReferenceException: Object reference not set to an instance of an object
[Ref AB2188D6] Duplicate stacktrace, see ref for original

NullReferenceException: Object reference not set to an instance of an object
[Ref AB2188D6] Duplicate stacktrace, see ref for original

NullReferenceException: Object reference not set to an instance of an object
[Ref AB2188D6] Duplicate stacktrace, see ref for original

NullReferenceException: Object reference not set to an instance of an object
[Ref AB2188D6] Duplicate stacktrace, see ref for original

NullReferenceException: Object reference not set to an instance of an object
[Ref AB2188D6] Duplicate stacktrace, see ref for original

NullReferenceException: Object reference not set to an instance of an object
[Ref AB2188D6] Duplicate stacktrace, see ref for original

NullReferenceException: Object reference not set to an instance of an object
[Ref AB2188D6] Duplicate stacktrace, see ref for original

NullReferenceException: Object reference not set to an instance of an object
[Ref AB2188D6] Duplicate stacktrace, see ref for original

NullReferenceException: Object reference not set to an instance of an object
[Ref AB2188D6] Duplicate stacktrace, see ref for original

NullReferenceException: Object reference not set to an instance of an object
[Ref AB2188D6] Duplicate stacktrace, see ref for original

NullReferenceException: Object reference not set to an instance of an object
[Ref AB2188D6] Duplicate stacktrace, see ref for original

NullReferenceException: Object reference not set to an instance of an object
[Ref AB2188D6] Duplicate stacktrace, see ref for original

NullReferenceException: Object reference not set to an instance of an object
[Ref AB2188D6] Duplicate stacktrace, see ref for original

NullReferenceException: Object reference not set to an instance of an object
[Ref AB2188D6] Duplicate stacktrace, see ref for original

NullReferenceException: Object reference not set to an instance of an object
[Ref AB2188D6] Duplicate stacktrace, see ref for original

NullReferenceException: Object reference not set to an instance of an object
[Ref AB2188D6] Duplicate stacktrace, see ref for original

NullReferenceException: Object reference not set to an instance of an object
[Ref AB2188D6] Duplicate stacktrace, see ref for original

NullReferenceException: Object reference not set to an instance of an object
[Ref AB2188D6] Duplicate stacktrace, see ref for original

NullReferenceException: Object reference not set to an instance of an object
[Ref AB2188D6] Duplicate stacktrace, see ref for original

NullReferenceException: Object reference not set to an instance of an object
[Ref AB2188D6] Duplicate stacktrace, see ref for original

NullReferenceException: Object reference not set to an instance of an object
[Ref AB2188D6] Duplicate stacktrace, see ref for original

NullReferenceException: Object reference not set to an instance of an object
[Ref AB2188D6] Duplicate stacktrace, see ref for original

NullReferenceException: Object reference not set to an instance of an object
[Ref AB2188D6] Duplicate stacktrace, see ref for original

NullReferenceException: Object reference not set to an instance of an object
[Ref AB2188D6] Duplicate stacktrace, see ref for original

NullReferenceException: Object reference not set to an instance of an object
[Ref AB2188D6] Duplicate stacktrace, see ref for original

NullReferenceException: Object reference not set to an instance of an object
[Ref AB2188D6] Duplicate stacktrace, see ref for original

NullReferenceException: Object reference not set to an instance of an object
[Ref AB2188D6] Duplicate stacktrace, see ref for original

NullReferenceException: Object reference not set to an instance of an object
[Ref AB2188D6] Duplicate stacktrace, see ref for original

NullReferenceException: Object reference not set to an instance of an object
[Ref AB2188D6] Duplicate stacktrace, see ref for original

NullReferenceException: Object reference not set to an instance of an object
[Ref AB2188D6] Duplicate stacktrace, see ref for original

NullReferenceException: Object reference not set to an instance of an object
[Ref AB2188D6] Duplicate stacktrace, see ref for original

NullReferenceException: Object reference not set to an instance of an object
[Ref AB2188D6] Duplicate stacktrace, see ref for original

NullReferenceException: Object reference not set to an instance of an object
[Ref AB2188D6] Duplicate stacktrace, see ref for original

NullReferenceException: Object reference not set to an instance of an object
[Ref AB2188D6] Duplicate stacktrace, see ref for original

Exception registering CeleTech.Base.Verb_ShootMag CeleTech.Base.Verb_ShootMag(null) in loaded object directory with unique load ID Verb_CompEquippable_QTS9_OICW3168388_0: System.ArgumentException: An item with the same key has already been added. Key: Verb_CompEquippable_QTS9_OICW3168388_0
[Ref 1FD4AB82]
 [0x00006] in <51fded79cd284d4d911c5949aff4cb21>:0 
  at System.Collections.Generic.Dictionary`2[TKey,TValue].TryInsert (TKey key, TValue value, System.Collections.Generic.InsertionBehavior behavior) [0x0015a] in <51fded79cd284d4d911c5949aff4cb21>:0 
  at System.Collections.Generic.Dictionary`2[TKey,TValue].Add (TKey key, TValue value) [0x00000] in <51fded79cd284d4d911c5949aff4cb21>:0 
  at Verse.LoadedObjectDirectory.RegisterLoaded (Verse.ILoadReferenceable reffable) [0x000da] in <61e4173561894da49d210260257b5097>:0 
Exception registering MVCF.ManagedVerb MVCF.ManagedVerb in loaded object directory with unique load ID CompEquippable_QTS9_OICW3168388_0_Managed: System.ArgumentException: An item with the same key has already been added. Key: CompEquippable_QTS9_OICW3168388_0_Managed
[Ref 1FD4AB82] Duplicate stacktrace, see ref for original
Exception registering RimWorld.Verb_MeleeAttackDamage RimWorld.Verb_MeleeAttackDamage(null) in loaded object directory with unique load ID Verb_CompEquippable_QTS9_OICW3168388_0_Smash: System.ArgumentException: An item with the same key has already been added. Key: Verb_CompEquippable_QTS9_OICW3168388_0_Smash
[Ref 1FD4AB82] Duplicate stacktrace, see ref for original
Exception registering MVCF.ManagedVerb MVCF.ManagedVerb in loaded object directory with unique load ID CompEquippable_QTS9_OICW3168388_0_Smash_Managed: System.ArgumentException: An item with the same key has already been added. Key: CompEquippable_QTS9_OICW3168388_0_Smash_Managed
[Ref 1FD4AB82] Duplicate stacktrace, see ref for original
Exception registering RimWorld.Verb_MeleeAttackDamage RimWorld.Verb_MeleeAttackDamage(null) in loaded object directory with unique load ID Verb_CompEquippable_QTS9_OICW3168388_1_Smash: System.ArgumentException: An item with the same key has already been added. Key: Verb_CompEquippable_QTS9_OICW3168388_1_Smash
[Ref 1FD4AB82] Duplicate stacktrace, see ref for original
Exception registering MVCF.ManagedVerb MVCF.ManagedVerb in loaded object directory with unique load ID CompEquippable_QTS9_OICW3168388_1_Smash_Managed: System.ArgumentException: An item with the same key has already been added. Key: CompEquippable_QTS9_OICW3168388_1_Smash_Managed
[Ref 1FD4AB82] Duplicate stacktrace, see ref for original
Exception registering RimWorld.Verb_MeleeAttackDamage RimWorld.Verb_MeleeAttackDamage(null) in loaded object directory with unique load ID Verb_CompEquippable_QTS9_OICW3168388_1_Poke: System.ArgumentException: An item with the same key has already been added. Key: Verb_CompEquippable_QTS9_OICW3168388_1_Poke
[Ref 1FD4AB82] Duplicate stacktrace, see ref for original
Exception registering MVCF.ManagedVerb MVCF.ManagedVerb in loaded object directory with unique load ID CompEquippable_QTS9_OICW3168388_1_Poke_Managed: System.ArgumentException: An item with the same key has already been added. Key: CompEquippable_QTS9_OICW3168388_1_Poke_Managed
[Ref 1FD4AB82] Duplicate stacktrace, see ref for original
Cannot get current title for null faction.
Cannot get current title for null faction.
Cannot get current title for null faction.
Cannot get current title for null faction.
Could not do PostLoadInit on RimWorld.Pawn_RoyaltyTracker: System.ArgumentNullException: Value cannot be null.
Parameter name: key
[Ref B7042634]
 [0x00006] in <51fded79cd284d4d911c5949aff4cb21>:0 
  at System.Collections.Generic.Dictionary`2[TKey,TValue].FindEntry (TKey key) [0x00008] in <51fded79cd284d4d911c5949aff4cb21>:0 
  at System.Collections.Generic.Dictionary`2[TKey,TValue].ContainsKey (TKey key) [0x00000] in <51fded79cd284d4d911c5949aff4cb21>:0 
  at RimWorld.Pawn_RoyaltyTracker.AssignHeirIfNone (RimWorld.RoyalTitleDef t, RimWorld.Faction faction) [0x00000] in <61e4173561894da49d210260257b5097>:0 
  at RimWorld.Pawn_RoyaltyTracker.ExposeData () [0x001c2] in <61e4173561894da49d210260257b5097>:0 
  at Verse.PostLoadIniter.DoAllPostLoadInits () [0x00032] in <61e4173561894da49d210260257b5097>:0 
[Isekai WorldBoss] MapComponent loaded. Boss: none, waves: 0
[Isekai WorldBoss] MapComponent loaded. Boss: none, waves: 0
[Isekai WorldBoss] MapComponent loaded. Boss: none, waves: 0
[Isekai WorldBoss] MapComponent loaded. Boss: none, waves: 0
[Isekai WorldBoss] MapComponent loaded. Boss: none, waves: 0
[Isekai WorldBoss] MapComponent loaded. Boss: none, waves: 0
[Isekai WorldBoss] MapComponent loaded. Boss: none, waves: 0
[Isekai WorldBoss] MapComponent loaded. Boss: none, waves: 0
[Isekai WorldBoss] MapComponent loaded. Boss: none, waves: 0
Hash collision between AnimalBed_ReplaceStuff and  RP_Diffusecyst_Stuff_(5, 3): both have short hash 61661
Hash collision between BasinStuff_ReplaceStuff and  RP_Diffusecyst_(4, 5): both have short hash 37899
Notify_NewLink was called but the link is already here.
Notify_NewLink was called but the link is already here.
Notify_NewLink was called but the link is already here.
Notify_NewLink was called but the link is already here.
Notify_NewLink was called but the link is already here.
Notify_NewLink was called but the link is already here.
Notify_NewLink was called but the link is already here.
Notify_NewLink was called but the link is already here.
Notify_NewLink was called but the link is already here.
Notify_NewLink was called but the link is already here.
Notify_NewLink was called but the link is already here.
Notify_NewLink was called but the link is already here.
Notify_NewLink was called but the link is already here.
Notify_NewLink was called but the link is already here.
Notify_NewLink was called but the link is already here.
Notify_NewLink was called but the link is already here.
Notify_NewLink was called but the link is already here.
Notify_NewLink was called but the link is already here.
Notify_NewLink was called but the link is already here.
Notify_NewLink was called but the link is already here.
Notify_NewLink was called but the link is already here.
Notify_NewLink was called but the link is already here.
Notify_NewLink was called but the link is already here.
Notify_NewLink was called but the link is already here.
Notify_NewLink was called but the link is already here.
Notify_NewLink was called but the link is already here.
Notify_NewLink was called but the link is already here.
Notify_NewLink was called but the link is already here.
Notify_NewLink was called but the link is already here.
Notify_NewLink was called but the link is already here.
Notify_NewLink was called but the link is already here.
Notify_NewLink was called but the link is already here.
Notify_NewLink was called but the link is already here.
Notify_NewLink was called but the link is already here.
Notify_NewLink was called but the link is already here.
Notify_NewLink was called but the link is already here.
Notify_NewLink was called but the link is already here.
Notify_NewLink was called but the link is already here.
Notify_NewLink was called but the link is already here.
Notify_NewLink was called but the link is already here.
Graphics device is null.
Crash!!!
SymInit: Symbol-SearchPath: '.;E:\SteamLibrary\steamapps\common\RimWorld;E:/SteamLibrary/steamapps/common/RimWorld/RimWorldWin64_Data/Plugins\x86_64;E:/SteamLibrary/steamapps/common/RimWorld/RimWorldWin64_Data/Plugins;E:\SteamLibrary\steamapps\common\RimWorld;C:\WINDOWS;C:\WINDOWS\system32;', symOptions: 534, UserName: 'USER'
OS-Version: 10.0.0
E:\SteamLibrary\steamapps\common\RimWorld\RimWorldWin64.exe:RimWorldWin64.exe (00007FF628740000), size: 688128 (result: 0), SymType: '-deferred-', PDB: '', fileVersion: 2022.3.35.4614
C:\WINDOWS\SYSTEM32\ntdll.dll:ntdll.dll (00007FF9C8750000), size: 2064384 (result: 0), SymType: '-deferred-', PDB: '', fileVersion: 10.0.19041.6456
C:\Program Files\Avast Software\Avast\aswhook.dll:aswhook.dll (00007FF977EF0000), size: 135168 (result: 0), SymType: '-deferred-', PDB: '', fileVersion: 26.9.11171.0
C:\WINDOWS\System32\KERNEL32.DLL:KERNEL32.DLL (00007FF9C6BD0000), size: 794624 (result: 0), SymType: '-deferred-', PDB: '', fileVersion: 10.0.19041.5915
C:\WINDOWS\System32\KERNELBASE.dll:KERNELBASE.dll (00007FF9C5E10000), size: 3104768 (result: 0), SymType: '-deferred-', PDB: '', fileVersion: 10.0.19041.6280
E:\SteamLibrary\steamapps\common\RimWorld\UnityPlayer.dll:UnityPlayer.dll (00007FF8EB750000), size: 31911936 (result: 0), SymType: '-deferred-', PDB: '', fileVersion: 2022.3.35.4614
C:\WINDOWS\System32\USER32.dll:USER32.dll (00007FF9C6770000), size: 1708032 (result: 0), SymType: '-deferred-', PDB: '', fileVersion: 10.0.19041.6456
C:\WINDOWS\System32\win32u.dll:win32u.dll (00007FF9C5DE0000), size: 139264 (result: 0), SymType: '-deferred-', PDB: '', fileVersion: 10.0.19041.6456
C:\WINDOWS\System32\GDI32.dll:GDI32.dll (00007FF9C7EB0000), size: 176128 (result: 0), SymType: '-deferred-', PDB: '', fileVersion: 10.0.19041.6157
C:\WINDOWS\System32\gdi32full.dll:gdi32full.dll (00007FF9C61A0000), size: 1150976 (result: 0), SymType: '-deferred-', PDB: '', fileVersion: 10.0.19041.6157
C:\WINDOWS\System32\msvcp_win.dll:msvcp_win.dll (00007FF9C66D0000), size: 643072 (result: 0), SymType: '-deferred-', PDB: '', fileVersion: 10.0.19041.3636
C:\WINDOWS\System32\ucrtbase.dll:ucrtbase.dll (00007FF9C6310000), size: 1048576 (result: 0), SymType: '-deferred-', PDB: '', fileVersion: 10.0.19041.3636
C:\WINDOWS\System32\ole32.dll:ole32.dll (00007FF9C7F40000), size: 1224704 (result: 0), SymType: '-deferred-', PDB: '', fileVersion: 10.0.19041.5915
C:\WINDOWS\System32\RPCRT4.dll:RPCRT4.dll (00007FF9C7CD0000), size: 1179648 (result: 0), SymType: '-deferred-', PDB: '', fileVersion: 10.0.19041.6280
C:\WINDOWS\System32\combase.dll:combase.dll (00007FF9C8250000), size: 3489792 (result: 0), SymType: '-deferred-', PDB: '', fileVersion: 10.0.19041.6456
C:\WINDOWS\System32\SHLWAPI.dll:SHLWAPI.dll (00007FF9C6B70000), size: 372736 (result: 0), SymType: '-deferred-', PDB: '', fileVersion: 10.0.19041.6392
C:\WINDOWS\SYSTEM32\VERSION.dll:VERSION.dll (00007FF9C0A20000), size: 40960 (result: 0), SymType: '-deferred-', PDB: '', fileVersion: 10.0.19041.3636
C:\WINDOWS\System32\msvcrt.dll:msvcrt.dll (00007FF9C6AD0000), size: 647168 (result: 0), SymType: '-deferred-', PDB: '', fileVersion: 7.0.19041.3636
C:\WINDOWS\System32\SETUPAPI.dll:SETUPAPI.dll (00007FF9C77B0000), size: 4653056 (result: 0), SymType: '-deferred-', PDB: '', fileVersion: 10.0.19041.5794
C:\WINDOWS\System32\cfgmgr32.dll:cfgmgr32.dll (00007FF9C62C0000), size: 319488 (result: 0), SymType: '-deferred-', PDB: '', fileVersion: 10.0.19041.3996
C:\WINDOWS\System32\bcrypt.dll:bcrypt.dll (00007FF9C6620000), size: 159744 (result: 0), SymType: '-deferred-', PDB: '', fileVersion: 10.0.19041.5369
C:\WINDOWS\System32\ADVAPI32.dll:ADVAPI32.dll (00007FF9C8070000), size: 724992 (result: 0), SymType: '-deferred-', PDB: '', fileVersion: 10.0.19041.6328
C:\WINDOWS\System32\sechost.dll:sechost.dll (00007FF9C7710000), size: 651264 (result: 0), SymType: '-deferred-', PDB: '', fileVersion: 10.0.19041.6328
C:\WINDOWS\System32\SHELL32.dll:SHELL32.dll (00007FF9C6CA0000), size: 7798784 (result: 0), SymType: '-deferred-', PDB: '', fileVersion: 10.0.19041.6456
C:\WINDOWS\System32\OLEAUT32.dll:OLEAUT32.dll (00007FF9C75C0000), size: 839680 (result: 0), SymType: '-deferred-', PDB: '', fileVersion: 10.0.19041.3636
C:\WINDOWS\System32\IMM32.dll:IMM32.dll (00007FF9C6920000), size: 192512 (result: 0), SymType: '-deferred-', PDB: '', fileVersion: 10.0.19041.6157
C:\WINDOWS\SYSTEM32\WINMM.dll:WINMM.dll (00007FF9BBE40000), size: 159744 (result: 0), SymType: '-deferred-', PDB: '', fileVersion: 10.0.19041.3636
C:\WINDOWS\System32\CRYPT32.dll:CRYPT32.dll (00007FF9C64C0000), size: 1429504 (result: 0), SymType: '-deferred-', PDB: '', fileVersion: 10.0.19041.6157
C:\WINDOWS\System32\WS2_32.dll:WS2_32.dll (00007FF9C85B0000), size: 438272 (result: 0), SymType: '-deferred-', PDB: '', fileVersion: 10.0.19041.3636
C:\WINDOWS\SYSTEM32\HID.DLL:HID.DLL (00007FF9C4620000), size: 53248 (result: 0), SymType: '-deferred-', PDB: '', fileVersion: 10.0.19041.3636
C:\WINDOWS\SYSTEM32\WINHTTP.dll:WINHTTP.dll (00007FF9C0EA0000), size: 1089536 (result: 0), SymType: '-deferred-', PDB: '', fileVersion: 10.0.19041.5794
C:\WINDOWS\SYSTEM32\dwmapi.dll:dwmapi.dll (00007FF9C3970000), size: 188416 (result: 0), SymType: '-deferred-', PDB: '', fileVersion: 10.0.19041.6157
C:\WINDOWS\SYSTEM32\OPENGL32.dll:OPENGL32.dll (00007FF99BA60000), size: 1212416 (result: 0), SymType: '-deferred-', PDB: '', fileVersion: 10.0.19041.5794
C:\WINDOWS\SYSTEM32\GLU32.dll:GLU32.dll (00007FF99A040000), size: 180224 (result: 0), SymType: '-deferred-', PDB: '', fileVersion: 10.0.19041.3636
C:\WINDOWS\SYSTEM32\kernel.appcore.dll:kernel.appcore.dll (00007FF9C3C70000), size: 73728 (result: 0), SymType: '-deferred-', PDB: '', fileVersion: 10.0.19041.3758
C:\WINDOWS\System32\bcryptPrimitives.dll:bcryptPrimitives.dll (00007FF9C6110000), size: 532480 (result: 0), SymType: '-deferred-', PDB: '', fileVersion: 10.0.19041.5007
C:\WINDOWS\system32\uxtheme.dll:uxtheme.dll (00007FF9C3780000), size: 647168 (result: 0), SymType: '-deferred-', PDB: '', fileVersion: 10.0.19041.5794
C:\WINDOWS\System32\shcore.dll:shcore.dll (00007FF9C7C20000), size: 708608 (result: 0), SymType: '-deferred-', PDB: '', fileVersion: 10.0.19041.5794
C:\WINDOWS\SYSTEM32\windows.storage.dll:windows.storage.dll (00007FF9C3E70000), size: 8015872 (result: 0), SymType: '-deferred-', PDB: '', fileVersion: 10.0.19041.6456
C:\WINDOWS\SYSTEM32\Wldp.dll:Wldp.dll (00007FF9C5810000), size: 176128 (result: 0), SymType: '-deferred-', PDB: '', fileVersion: 10.0.19041.5794
C:\WINDOWS\SYSTEM32\profapi.dll:profapi.dll (00007FF9C5D10000), size: 147456 (result: 0), SymType: '-deferred-', PDB: '', fileVersion: 10.0.19041.6033
E:\SteamLibrary\steamapps\common\RimWorld\MonoBleedingEdge\EmbedRuntime\mono-2.0-bdwgc.dll:mono-2.0-bdwgc.dll (00007FF922090000), size: 10825728 (result: 0), SymType: '-deferred-', PDB: ''
C:\WINDOWS\SYSTEM32\iphlpapi.dll:iphlpapi.dll (00007FF9C5200000), size: 241664 (result: 0), SymType: '-deferred-', PDB: '', fileVersion: 10.0.19041.3636
C:\WINDOWS\System32\MSCTF.dll:MSCTF.dll (00007FF9C8130000), size: 1134592 (result: 0), SymType: '-deferred-', PDB: '', fileVersion: 10.0.19041.5794
C:\WINDOWS\SYSTEM32\d3d11.dll:d3d11.dll (00007FF9C1E00000), size: 2506752 (result: 0), SymType: '-deferred-', PDB: '', fileVersion: 10.0.19041.5794
C:\WINDOWS\SYSTEM32\dxgi.dll:dxgi.dll (00007FF9C4660000), size: 1007616 (result: 0), SymType: '-deferred-', PDB: '', fileVersion: 10.0.19041.5794
C:\WINDOWS\System32\DriverStore\FileRepository\nv_dispi.inf_amd64_a3944b54ff18b284\nvldumdx.dll:nvldumdx.dll (00007FF9BB6E0000), size: 843776 (result: 0), SymType: '-deferred-', PDB: '', fileVersion: 32.0.16.1656
C:\WINDOWS\SYSTEM32\msasn1.dll:msasn1.dll (00007FF9C59A0000), size: 73728 (result: 0), SymType: '-deferred-', PDB: '', fileVersion: 10.0.19041.3636
C:\WINDOWS\SYSTEM32\cryptnet.dll:cryptnet.dll (00007FF9BFE50000), size: 200704 (result: 0), SymType: '-deferred-', PDB: '', fileVersion: 10.0.19041.3636
C:\WINDOWS\SYSTEM32\cryptbase.dll:cryptbase.dll (00007FF9C5780000), size: 49152 (result: 0), SymType: '-deferred-', PDB: '', fileVersion: 10.0.19041.3636
C:\WINDOWS\SYSTEM32\drvstore.dll:drvstore.dll (00007FF9BF5D0000), size: 1339392 (result: 0), SymType: '-deferred-', PDB: '', fileVersion: 10.0.19041.5794
C:\WINDOWS\SYSTEM32\devobj.dll:devobj.dll (00007FF9C5B90000), size: 208896 (result: 0), SymType: '-deferred-', PDB: '', fileVersion: 10.0.19041.5794
C:\WINDOWS\System32\wintrust.dll:wintrust.dll (00007FF9C6650000), size: 471040 (result: 0), SymType: '-deferred-', PDB: '', fileVersion: 10.0.19041.6456
C:\WINDOWS\System32\imagehlp.dll:imagehlp.dll (00007FF9C86F0000), size: 118784 (result: 0), SymType: '-deferred-', PDB: '', fileVersion: 10.0.19041.3636
C:\WINDOWS\SYSTEM32\CRYPTSP.dll:CRYPTSP.dll (00007FF9C5760000), size: 98304 (result: 0), SymType: '-deferred-', PDB: '', fileVersion: 10.0.19041.5856
C:\WINDOWS\system32\rsaenh.dll:rsaenh.dll (00007FF9C4E20000), size: 229376 (result: 0), SymType: '-deferred-', PDB: '', fileVersion: 10.0.19041.6093
C:\WINDOWS\System32\DriverStore\FileRepository\nv_dispi.inf_amd64_a3944b54ff18b284\nvgpucomp64.dll:nvgpucomp64.dll (00007FF9AD0A0000), size: 110784512 (result: 0), SymType: '-deferred-', PDB: '', fileVersion: 32.0.16.1656
C:\WINDOWS\System32\DriverStore\FileRepository\nv_dispi.inf_amd64_a3944b54ff18b284\Display.NvContainer\NvMessageBus.dll:NvMessageBus.dll (00007FF9B42B0000), size: 3555328 (result: 0), SymType: '-deferred-', PDB: '', fileVersion: 3.22.3719.8856
C:\WINDOWS\System32\DriverStore\FileRepository\nv_dispi.inf_amd64_a3944b54ff18b284\NvMemMapStoragex.dll:NvMemMapStoragex.dll (00007FF9BAE50000), size: 1421312 (result: 0), SymType: '-deferred-', PDB: ''
C:\WINDOWS\SYSTEM32\POWRPROF.dll:POWRPROF.dll (00007FF9C5320000), size: 307200 (result: 0), SymType: '-deferred-', PDB: '', fileVersion: 10.0.19041.3636
C:\WINDOWS\SYSTEM32\UMPDC.dll:UMPDC.dll (00007FF9C51E0000), size: 73728 (result: 0), SymType: '-deferred-', PDB: ''
C:\WINDOWS\System32\DriverStore\FileRepository\nv_dispi.inf_amd64_a3944b54ff18b284\nvwgf2umx.dll:nvwgf2umx.dll (00007FF9B5820000), size: 90202112 (result: 0), SymType: '-deferred-', PDB: '', fileVersion: 32.0.16.1656
C:\WINDOWS\system32\nvspcap64.dll:nvspcap64.dll (00007FF98F830000), size: 1458176 (result: 0), SymType: '-deferred-', PDB: '', fileVersion: 11.0.8.299
C:\WINDOWS\SYSTEM32\ntmarta.dll:ntmarta.dll (00007FF9C5070000), size: 208896 (result: 0), SymType: '-deferred-', PDB: '', fileVersion: 10.0.19041.3636
C:\WINDOWS\SYSTEM32\dxcore.dll:dxcore.dll (00007FF9BCF80000), size: 241664 (result: 0), SymType: '-deferred-', PDB: '', fileVersion: 10.0.19041.5794
C:\WINDOWS\System32\DriverStore\FileRepository\nv_dispi.inf_amd64_a3944b54ff18b284\nvppex.dll:nvppex.dll (00007FF98E030000), size: 7499776 (result: 0), SymType: '-deferred-', PDB: '', fileVersion: 32.0.16.1656
C:\WINDOWS\System32\clbcatq.dll:clbcatq.dll (00007FF9C8620000), size: 692224 (result: 0), SymType: '-deferred-', PDB: '', fileVersion: 2001.12.10941.16384
C:\WINDOWS\system32\wbem\wbemprox.dll:wbemprox.dll (00007FF9BAE30000), size: 69632 (result: 0), SymType: '-deferred-', PDB: '', fileVersion: 10.0.19041.4474
C:\WINDOWS\SYSTEM32\wbemcomn.dll:wbemcomn.dll (00007FF9B5590000), size: 589824 (result: 0), SymType: '-deferred-', PDB: '', fileVersion: 10.0.19041.5794
C:\WINDOWS\system32\wbem\wbemsvc.dll:wbemsvc.dll (00007FF9AA490000), size: 81920 (result: 0), SymType: '-deferred-', PDB: '', fileVersion: 10.0.19041.4474
C:\WINDOWS\system32\wbem\fastprox.dll:fastprox.dll (00007FF9AA6B0000), size: 1097728 (result: 0), SymType: '-deferred-', PDB: '', fileVersion: 10.0.19041.5794
C:\WINDOWS\SYSTEM32\amsi.dll:amsi.dll (00007FF9A6730000), size: 126976 (result: 0), SymType: '-deferred-', PDB: '', fileVersion: 10.0.19041.4355
C:\WINDOWS\SYSTEM32\USERENV.dll:USERENV.dll (00007FF9C5C90000), size: 188416 (result: 0), SymType: '-deferred-', PDB: '', fileVersion: 10.0.19041.5794
C:\Program Files\Avast Software\Avast\aswAMSI.dll:aswAMSI.dll (00007FF9A56E0000), size: 1048576 (result: 0), SymType: '-deferred-', PDB: '', fileVersion: 26.9.11171.0
C:\WINDOWS\System32\MMDevApi.dll:MMDevApi.dll (00007FF9BCCC0000), size: 544768 (result: 0), SymType: '-deferred-', PDB: '', fileVersion: 10.0.19041.5915
C:\WINDOWS\SYSTEM32\AUDIOSES.DLL:AUDIOSES.DLL (00007FF996F00000), size: 1576960 (result: 0), SymType: '-deferred-', PDB: '', fileVersion: 10.0.19041.5794
C:\WINDOWS\SYSTEM32\resourcepolicyclient.dll:resourcepolicyclient.dll (00007FF9C3870000), size: 81920 (result: 0), SymType: '-deferred-', PDB: '', fileVersion: 10.0.19041.4355
E:\SteamLibrary\steamapps\common\RimWorld\RimWorldWin64_Data\Plugins\x86_64\lib_burst_generated.dll:lib_burst_generated.dll (00007FF99FD80000), size: 126976 (result: 0), SymType: '-deferred-', PDB: ''
C:\WINDOWS\SYSTEM32\xinput1_3.dll:xinput1_3.dll (00007FF99DF30000), size: 196608 (result: 0), SymType: '-deferred-', PDB: '', fileVersion: 10.0.26200.1
C:\WINDOWS\SYSTEM32\dcomp.dll:dcomp.dll (00007FF9C23F0000), size: 1982464 (result: 0), SymType: '-deferred-', PDB: '', fileVersion: 10.0.19041.6157
C:\WINDOWS\SYSTEM32\textinputframework.dll:textinputframework.dll (00007FF9883F0000), size: 1019904 (result: 0), SymType: '-deferred-', PDB: '', fileVersion: 10.0.19041.6456
C:\WINDOWS\SYSTEM32\CoreUIComponents.dll:CoreUIComponents.dll (00007FF9C2AE0000), size: 3518464 (result: 0), SymType: '-deferred-', PDB: '', fileVersion: 10.0.19041.3636
C:\WINDOWS\SYSTEM32\CoreMessaging.dll:CoreMessaging.dll (00007FF9C30A0000), size: 991232 (result: 0), SymType: '-deferred-', PDB: '', fileVersion: 10.0.19041.5915
C:\WINDOWS\SYSTEM32\wintypes.dll:wintypes.dll (00007FF9C25E0000), size: 1404928 (result: 0), SymType: '-deferred-', PDB: '', fileVersion: 10.0.19041.6456
E:\SteamLibrary\steamapps\common\RimWorld\RimWorldWin64_Data\Plugins\x86_64\steam_api64.dll:steam_api64.dll (00007FF97A3E0000), size: 311296 (result: 0), SymType: '-deferred-', PDB: '', fileVersion: 6.91.21.57
C:\Program Files (x86)\Steam\steamclient64.dll:steamclient64.dll (00007FF92E400000), size: 26726400 (result: 0), SymType: '-deferred-', PDB: '', fileVersion: 10.96.30.42
C:\WINDOWS\System32\PSAPI.DLL:PSAPI.DLL (00007FF9C86E0000), size: 32768 (result: 0), SymType: '-deferred-', PDB: '', fileVersion: 10.0.19041.3636
C:\Program Files (x86)\Steam\tier0_s64.dll:tier0_s64.dll (00007FF94D960000), size: 3203072 (result: 0), SymType: '-deferred-', PDB: '', fileVersion: 10.96.30.42
C:\Program Files (x86)\Steam\vstdlib_s64.dll:vstdlib_s64.dll (00007FF973BC0000), size: 798720 (result: 0), SymType: '-deferred-', PDB: '', fileVersion: 10.96.30.42
C:\WINDOWS\SYSTEM32\MSWSOCK.dll:MSWSOCK.dll (00007FF9C5570000), size: 434176 (result: 0), SymType: '-deferred-', PDB: '', fileVersion: 10.0.19041.5915
C:\WINDOWS\SYSTEM32\Secur32.dll:Secur32.dll (00007FF9AA570000), size: 49152 (result: 0), SymType: '-deferred-', PDB: '', fileVersion: 10.0.19041.3636
C:\WINDOWS\SYSTEM32\SSPICLI.DLL:SSPICLI.DLL (00007FF9C5CC0000), size: 204800 (result: 0), SymType: '-deferred-', PDB: '', fileVersion: 10.0.19041.6328
C:\Program Files (x86)\Steam\gameoverlayrenderer64.dll:gameoverlayrenderer64.dll (00007FF9586F0000), size: 1798144 (result: 0), SymType: '-deferred-', PDB: '', fileVersion: 10.96.30.42
C:\WINDOWS\SYSTEM32\Msacm32.DLL:Msacm32.DLL (00007FF94B3F0000), size: 122880 (result: 0), SymType: '-deferred-', PDB: '', fileVersion: 10.0.19041.1
C:\WINDOWS\SYSTEM32\winmmbase.dll:winmmbase.dll (00007FF975300000), size: 155648 (result: 0), SymType: '-deferred-', PDB: '', fileVersion: 10.0.19041.1
C:\Windows\System32\l3codeca.acm:l3codeca.acm (00007FF99FA50000), size: 110592 (result: 0), SymType: '-deferred-', PDB: '', fileVersion: 1.9.0.401
C:\WINDOWS\SYSTEM32\imaadp32.acm:imaadp32.acm (00007FF9C2F80000), size: 53248 (result: 0), SymType: '-deferred-', PDB: '', fileVersion: 10.0.19041.3636
C:\WINDOWS\System32\NSI.dll:NSI.dll (00007FF9C86D0000), size: 32768 (result: 0), SymType: '-deferred-', PDB: '', fileVersion: 10.0.19041.3636
C:\WINDOWS\SYSTEM32\dhcpcsvc6.DLL:dhcpcsvc6.DLL (00007FF9C0660000), size: 94208 (result: 0), SymType: '-deferred-', PDB: '', fileVersion: 10.0.19041.3636
C:\WINDOWS\SYSTEM32\dhcpcsvc.DLL:dhcpcsvc.DLL (00007FF9C0A40000), size: 118784 (result: 0), SymType: '-deferred-', PDB: '', fileVersion: 10.0.19041.3636
C:\WINDOWS\SYSTEM32\DNSAPI.dll:DNSAPI.dll (00007FF9C5240000), size: 827392 (result: 0), SymType: '-deferred-', PDB: '', fileVersion: 10.0.19041.5369
C:\Windows\System32\rasadhlp.dll:rasadhlp.dll (00007FF9ACE20000), size: 40960 (result: 0), SymType: '-deferred-', PDB: '', fileVersion: 10.0.19041.6328
C:\WINDOWS\System32\fwpuclnt.dll:fwpuclnt.dll (00007FF9ACE40000), size: 524288 (result: 0), SymType: '-deferred-', PDB: '', fileVersion: 10.0.19041.6328
C:\WINDOWS\SYSTEM32\gpapi.dll:gpapi.dll (0000029ED78E0000), size: 143360 (result: 0), SymType: '-deferred-', PDB: '', fileVersion: 10.0.19041.4355
C:\WINDOWS\SYSTEM32\TextShaping.dll:TextShaping.dll (00007FF97A260000), size: 704512 (result: 0), SymType: '-deferred-', PDB: ''
C:\WINDOWS\SYSTEM32\dbghelp.dll:dbghelp.dll (00007FF9BE820000), size: 2101248 (result: 0), SymType: '-deferred-', PDB: '', fileVersion: 10.0.19041.5848

========== OUTPUTTING STACK TRACE ==================

0x00007FF8EC7E42C1 (UnityPlayer) UnityMain
0x00007FF8EC7E4647 (UnityPlayer) UnityMain
SymInit: Symbol-SearchPath: '.;E:\SteamLibrary\steamapps\common\RimWorld;E:/SteamLibrary/steamapps/common/RimWorld/RimWorldWin64_Data/Plugins\x86_64;E:/SteamLibrary/steamapps/common/RimWorld/RimWorldWin64_Data/Plugins;E:\SteamLibrary\steamapps\common\RimWorld;C:\WINDOWS;C:\WINDOWS\system32;', symOptions: 534, UserName: 'USER'
OS-Version: 10.0.0
E:\SteamLibrary\steamapps\common\RimWorld\RimWorldWin64.exe:RimWorldWin64.exe (00007FF628740000), size: 688128 (result: 0), SymType: '-exported-', PDB: 'E:\SteamLibrary\steamapps\common\RimWorld\RimWorldWin64.exe', fileVersion: 2022.3.35.4614
C:\WINDOWS\SYSTEM32\ntdll.dll:ntdll.dll (00007FF9C8750000), size: 2064384 (result: 0), SymType: '-exported-', PDB: 'C:\WINDOWS\SYSTEM32\ntdll.dll', fileVersion: 10.0.19041.6456
C:\Program Files\Avast Software\Avast\aswhook.dll:aswhook.dll (00007FF977EF0000), size: 135168 (result: 0), SymType: '-nosymbols-', PDB: 'C:\Program Files\Avast Software\Avast\aswhook.dll', fileVersion: 26.9.11171.0
C:\WINDOWS\System32\KERNEL32.DLL:KERNEL32.DLL (00007FF9C6BD0000), size: 794624 (result: 0), SymType: '-exported-', PDB: 'C:\WINDOWS\System32\KERNEL32.DLL', fileVersion: 10.0.19041.5915
C:\WINDOWS\System32\KERNELBASE.dll:KERNELBASE.dll (00007FF9C5E10000), size: 3104768 (result: 0), SymType: '-exported-', PDB: 'C:\WINDOWS\System32\KERNELBASE.dll', fileVersion: 10.0.19041.6280
E:\SteamLibrary\steamapps\common\RimWorld\UnityPlayer.dll:UnityPlayer.dll (00007FF8EB750000), size: 31911936 (result: 0), SymType: '-exported-', PDB: 'E:\SteamLibrary\steamapps\common\RimWorld\UnityPlayer.dll', fileVersion: 2022.3.35.4614
C:\WINDOWS\System32\USER32.dll:USER32.dll (00007FF9C6770000), size: 1708032 (result: 0), SymType: '-exported-', PDB: 'C:\WINDOWS\System32\USER32.dll', fileVersion: 10.0.19041.6456
C:\WINDOWS\System32\win32u.dll:win32u.dll (00007FF9C5DE0000), size: 139264 (result: 0), SymType: '-exported-', PDB: 'C:\WINDOWS\System32\win32u.dll', fileVersion: 10.0.19041.6456
C:\WINDOWS\System32\GDI32.dll:GDI32.dll (00007FF9C7EB0000), size: 176128 (result: 0), SymType: '-exported-', PDB: 'C:\WINDOWS\System32\GDI32.dll', fileVersion: 10.0.19041.6157
C:\WINDOWS\System32\gdi32full.dll:gdi32full.dll (00007FF9C61A0000), size: 1150976 (result: 0), SymType: '-exported-', PDB: 'C:\WINDOWS\System32\gdi32full.dll', fileVersion: 10.0.19041.6157
C:\WINDOWS\System32\msvcp_win.dll:msvcp_win.dll (00007FF9C66D0000), size: 643072 (result: 0), SymType: '-exported-', PDB: 'C:\WINDOWS\System32\msvcp_win.dll', fileVersion: 10.0.19041.3636
C:\WINDOWS\System32\ucrtbase.dll:ucrtbase.dll (00007FF9C6310000), size: 1048576 (result: 0), SymType: '-exported-', PDB: 'C:\WINDOWS\System32\ucrtbase.dll', fileVersion: 10.0.19041.3636
C:\WINDOWS\System32\ole32.dll:ole32.dll (00007FF9C7F40000), size: 1224704 (result: 0), SymType: '-exported-', PDB: 'C:\WINDOWS\System32\ole32.dll', fileVersion: 10.0.19041.5915
C:\WINDOWS\System32\RPCRT4.dll:RPCRT4.dll (00007FF9C7CD0000), size: 1179648 (result: 0), SymType: '-exported-', PDB: 'C:\WINDOWS\System32\RPCRT4.dll', fileVersion: 10.0.19041.6280
C:\WINDOWS\System32\combase.dll:combase.dll (00007FF9C8250000), size: 3489792 (result: 0), SymType: '-exported-', PDB: 'C:\WINDOWS\System32\combase.dll', fileVersion: 10.0.19041.6456
C:\WINDOWS\System32\SHLWAPI.dll:SHLWAPI.dll (00007FF9C6B70000), size: 372736 (result: 0), SymType: '-exported-', PDB: 'C:\WINDOWS\System32\SHLWAPI.dll', fileVersion: 10.0.19041.6392
C:\WINDOWS\SYSTEM32\VERSION.dll:VERSION.dll (00007FF9C0A20000), size: 40960 (result: 0), SymType: '-exported-', PDB: 'C:\WINDOWS\SYSTEM32\VERSION.dll', fileVersion: 10.0.19041.3636
C:\WINDOWS\System32\msvcrt.dll:msvcrt.dll (00007FF9C6AD0000), size: 647168 (result: 0), SymType: '-exported-', PDB: 'C:\WINDOWS\System32\msvcrt.dll', fileVersion: 7.0.19041.3636
C:\WINDOWS\System32\SETUPAPI.dll:SETUPAPI.dll (00007FF9C77B0000), size: 4653056 (result: 0), SymType: '-exported-', PDB: 'C:\WINDOWS\System32\SETUPAPI.dll', fileVersion: 10.0.19041.5794
C:\WINDOWS\System32\cfgmgr32.dll:cfgmgr32.dll (00007FF9C62C0000), size: 319488 (result: 0), SymType: '-exported-', PDB: 'C:\WINDOWS\System32\cfgmgr32.dll', fileVersion: 10.0.19041.3996
C:\WINDOWS\System32\bcrypt.dll:bcrypt.dll (00007FF9C6620000), size: 159744 (result: 0), SymType: '-exported-', PDB: 'C:\WINDOWS\System32\bcrypt.dll', fileVersion: 10.0.19041.5369
C:\WINDOWS\System32\ADVAPI32.dll:ADVAPI32.dll (00007FF9C8070000), size: 724992 (result: 0), SymType: '-exported-', PDB: 'C:\WINDOWS\System32\ADVAPI32.dll', fileVersion: 10.0.19041.6328
C:\WINDOWS\System32\sechost.dll:sechost.dll (00007FF9C7710000), size: 651264 (result: 0), SymType: '-exported-', PDB: 'C:\WINDOWS\System32\sechost.dll', fileVersion: 10.0.19041.6328
C:\WINDOWS\System32\SHELL32.dll:SHELL32.dll (00007FF9C6CA0000), size: 7798784 (result: 0), SymType: '-exported-', PDB: 'C:\WINDOWS\System32\SHELL32.dll', fileVersion: 10.0.19041.6456
C:\WINDOWS\System32\OLEAUT32.dll:OLEAUT32.dll (00007FF9C75C0000), size: 839680 (result: 0), SymType: '-exported-', PDB: 'C:\WINDOWS\System32\OLEAUT32.dll', fileVersion: 10.0.19041.3636
C:\WINDOWS\System32\IMM32.dll:IMM32.dll (00007FF9C6920000), size: 192512 (result: 0), SymType: '-exported-', PDB: 'C:\WINDOWS\System32\IMM32.dll', fileVersion: 10.0.19041.6157
C:\WINDOWS\SYSTEM32\WINMM.dll:WINMM.dll (00007FF9BBE40000), size: 159744 (result: 0), SymType: '-exported-', PDB: 'C:\WINDOWS\SYSTEM32\WINMM.dll', fileVersion: 10.0.19041.3636
C:\WINDOWS\System32\CRYPT32.dll:CRYPT32.dll (00007FF9C64C0000), size: 1429504 (result: 0), SymType: '-exported-', PDB: 'C:\WINDOWS\System32\CRYPT32.dll', fileVersion: 10.0.19041.6157
C:\WINDOWS\System32\WS2_32.dll:WS2_32.dll (00007FF9C85B0000), size: 438272 (result: 0), SymType: '-exported-', PDB: 'C:\WINDOWS\System32\WS2_32.dll', fileVersion: 10.0.19041.3636
C:\WINDOWS\SYSTEM32\HID.DLL:HID.DLL (00007FF9C4620000), size: 53248 (result: 0), SymType: '-exported-', PDB: 'C:\WINDOWS\SYSTEM32\HID.DLL', fileVersion: 10.0.19041.3636
C:\WINDOWS\SYSTEM32\WINHTTP.dll:WINHTTP.dll (00007FF9C0EA0000), size: 1089536 (result: 0), SymType: '-exported-', PDB: 'C:\WINDOWS\SYSTEM32\WINHTTP.dll', fileVersion: 10.0.19041.5794
C:\WINDOWS\SYSTEM32\dwmapi.dll:dwmapi.dll (00007FF9C3970000), size: 188416 (result: 0), SymType: '-exported-', PDB: 'C:\WINDOWS\SYSTEM32\dwmapi.dll', fileVersion: 10.0.19041.6157
C:\WINDOWS\SYSTEM32\OPENGL32.dll:OPENGL32.dll (00007FF99BA60000), size: 1212416 (result: 0), SymType: '-exported-', PDB: 'C:\WINDOWS\SYSTEM32\OPENGL32.dll', fileVersion: 10.0.19041.5794
C:\WINDOWS\SYSTEM32\GLU32.dll:GLU32.dll (00007FF99A040000), size: 180224 (result: 0), SymType: '-exported-', PDB: 'C:\WINDOWS\SYSTEM32\GLU32.dll', fileVersion: 10.0.19041.3636
C:\WINDOWS\SYSTEM32\kernel.appcore.dll:kernel.appcore.dll (00007FF9C3C70000), size: 73728 (result: 0), SymType: '-exported-', PDB: 'C:\WINDOWS\SYSTEM32\kernel.appcore.dll', fileVersion: 10.0.19041.3758
C:\WINDOWS\System32\bcryptPrimitives.dll:bcryptPrimitives.dll (00007FF9C6110000), size: 532480 (result: 0), SymType: '-exported-', PDB: 'C:\WINDOWS\System32\bcryptPrimitives.dll', fileVersion: 10.0.19041.5007
C:\WINDOWS\system32\uxtheme.dll:uxtheme.dll (00007FF9C3780000), size: 647168 (result: 0), SymType: '-exported-', PDB: 'C:\WINDOWS\system32\uxtheme.dll', fileVersion: 10.0.19041.5794
C:\WINDOWS\System32\shcore.dll:shcore.dll (00007FF9C7C20000), size: 708608 (result: 0), SymType: '-exported-', PDB: 'C:\WINDOWS\System32\shcore.dll', fileVersion: 10.0.19041.5794
C:\WINDOWS\SYSTEM32\windows.storage.dll:windows.storage.dll (00007FF9C3E70000), size: 8015872 (result: 0), SymType: '-exported-', PDB: 'C:\WINDOWS\SYSTEM32\windows.storage.dll', fileVersion: 10.0.19041.6456
C:\WINDOWS\SYSTEM32\Wldp.dll:Wldp.dll (00007FF9C5810000), size: 176128 (result: 0), SymType: '-exported-', PDB: 'C:\WINDOWS\SYSTEM32\Wldp.dll', fileVersion: 10.0.19041.5794
C:\WINDOWS\SYSTEM32\profapi.dll:profapi.dll (00007FF9C5D10000), size: 147456 (result: 0), SymType: '-nosymbols-', PDB: 'C:\WINDOWS\SYSTEM32\profapi.dll', fileVersion: 10.0.19041.6033
E:\SteamLibrary\steamapps\common\RimWorld\MonoBleedingEdge\EmbedRuntime\mono-2.0-bdwgc.dll:mono-2.0-bdwgc.dll (00007FF922090000), size: 10825728 (result: 0), SymType: '-exported-', PDB: 'E:\SteamLibrary\steamapps\common\RimWorld\MonoBleedingEdge\EmbedRuntime\mono-2.0-bdwgc.dll'
C:\WINDOWS\SYSTEM32\iphlpapi.dll:iphlpapi.dll (00007FF9C5200000), size: 241664 (result: 0), SymType: '-exported-', PDB: 'C:\WINDOWS\SYSTEM32\iphlpapi.dll', fileVersion: 10.0.19041.3636
C:\WINDOWS\System32\MSCTF.dll:MSCTF.dll (00007FF9C8130000), size: 1134592 (result: 0), SymType: '-exported-', PDB: 'C:\WINDOWS\System32\MSCTF.dll', fileVersion: 10.0.19041.5794
C:\WINDOWS\SYSTEM32\d3d11.dll:d3d11.dll (00007FF9C1E00000), size: 2506752 (result: 0), SymType: '-exported-', PDB: 'C:\WINDOWS\SYSTEM32\d3d11.dll', fileVersion: 10.0.19041.5794
C:\WINDOWS\SYSTEM32\dxgi.dll:dxgi.dll (00007FF9C4660000), size: 1007616 (result: 0), SymType: '-exported-', PDB: 'C:\WINDOWS\SYSTEM32\dxgi.dll', fileVersion: 10.0.19041.5794
C:\WINDOWS\System32\DriverStore\FileRepository\nv_dispi.inf_amd64_a3944b54ff18b284\nvldumdx.dll:nvldumdx.dll (00007FF9BB6E0000), size: 843776 (result: 0), SymType: '-exported-', PDB: 'C:\WINDOWS\System32\DriverStore\FileRepository\nv_dispi.inf_amd64_a3944b54ff18b284\nvldumdx.dll', fileVersion: 32.0.16.1656
C:\WINDOWS\SYSTEM32\msasn1.dll:msasn1.dll (00007FF9C59A0000), size: 73728 (result: 0), SymType: '-exported-', PDB: 'C:\WINDOWS\SYSTEM32\msasn1.dll', fileVersion: 10.0.19041.3636
C:\WINDOWS\SYSTEM32\cryptnet.dll:cryptnet.dll (00007FF9BFE50000), size: 200704 (result: 0), SymType: '-exported-', PDB: 'C:\WINDOWS\SYSTEM32\cryptnet.dll', fileVersion: 10.0.19041.3636
C:\WINDOWS\SYSTEM32\cryptbase.dll:cryptbase.dll (00007FF9C5780000), size: 49152 (result: 0), SymType: '-exported-', PDB: 'C:\WINDOWS\SYSTEM32\cryptbase.dll', fileVersion: 10.0.19041.3636
C:\WINDOWS\SYSTEM32\drvstore.dll:drvstore.dll (00007FF9BF5D0000), size: 1339392 (result: 0), SymType: '-exported-', PDB: 'C:\WINDOWS\SYSTEM32\drvstore.dll', fileVersion: 10.0.19041.5794
C:\WINDOWS\SYSTEM32\devobj.dll:devobj.dll (00007FF9C5B90000), size: 208896 (result: 0), SymType: '-exported-', PDB: 'C:\WINDOWS\SYSTEM32\devobj.dll', fileVersion: 10.0.19041.5794
C:\WINDOWS\System32\wintrust.dll:wintrust.dll (00007FF9C6650000), size: 471040 (result: 0), SymType: '-exported-', PDB: 'C:\WINDOWS\System32\wintrust.dll', fileVersion: 10.0.19041.6456
C:\WINDOWS\System32\imagehlp.dll:imagehlp.dll (00007FF9C86F0000), size: 118784 (result: 0), SymType: '-exported-', PDB: 'C:\WINDOWS\System32\imagehlp.dll', fileVersion: 10.0.19041.3636
C:\WINDOWS\SYSTEM32\CRYPTSP.dll:CRYPTSP.dll (00007FF9C5760000), size: 98304 (result: 0), SymType: '-exported-', PDB: 'C:\WINDOWS\SYSTEM32\CRYPTSP.dll', fileVersion: 10.0.19041.5856
C:\WINDOWS\system32\rsaenh.dll:rsaenh.dll (00007FF9C4E20000), size: 229376 (result: 0), SymType: '-exported-', PDB: 'C:\WINDOWS\system32\rsaenh.dll', fileVersion: 10.0.19041.6093
C:\WINDOWS\System32\DriverStore\FileRepository\nv_dispi.inf_amd64_a3944b54ff18b284\nvgpucomp64.dll:nvgpucomp64.dll (00007FF9AD0A0000), size: 110784512 (result: 0), SymType: '-exported-', PDB: 'C:\WINDOWS\System32\DriverStore\FileRepository\nv_dispi.inf_amd64_a3944b54ff18b284\nvgpucomp64.dll', fileVersion: 32.0.16.1656
C:\WINDOWS\System32\DriverStore\FileRepository\nv_dispi.inf_amd64_a3944b54ff18b284\Display.NvContainer\NvMessageBus.dll:NvMessageBus.dll (00007FF9B42B0000), size: 3555328 (result: 0), SymType: '-exported-', PDB: 'C:\WINDOWS\System32\DriverStore\FileRepository\nv_dispi.inf_amd64_a3944b54ff18b284\Display.NvContainer\NvMessageBus.dll', fileVersion: 3.22.3719.8856
C:\WINDOWS\System32\DriverStore\FileRepository\nv_dispi.inf_amd64_a3944b54ff18b284\NvMemMapStoragex.dll:NvMemMapStoragex.dll (00007FF9BAE50000), size: 1421312 (result: 0), SymType: '-exported-', PDB: 'C:\WINDOWS\System32\DriverStore\FileRepository\nv_dispi.inf_amd64_a3944b54ff18b284\NvMemMapStoragex.dll'
C:\WINDOWS\SYSTEM32\POWRPROF.dll:POWRPROF.dll (00007FF9C5320000), size: 307200 (result: 0), SymType: '-exported-', PDB: 'C:\WINDOWS\SYSTEM32\POWRPROF.dll', fileVersion: 10.0.19041.3636
C:\WINDOWS\SYSTEM32\UMPDC.dll:UMPDC.dll (00007FF9C51E0000), size: 73728 (result: 0), SymType: '-exported-', PDB: 'C:\WINDOWS\SYSTEM32\UMPDC.dll'
C:\WINDOWS\System32\DriverStore\FileRepository\nv_dispi.inf_amd64_a3944b54ff18b284\nvwgf2umx.dll:nvwgf2umx.dll (00007FF9B5820000), size: 90202112 (result: 0), SymType: '-exported-', PDB: 'C:\WINDOWS\System32\DriverStore\FileRepository\nv_dispi.inf_amd64_a3944b54ff18b284\nvwgf2umx.dll', fileVersion: 32.0.16.1656
C:\WINDOWS\system32\nvspcap64.dll:nvspcap64.dll (00007FF98F830000), size: 1458176 (result: 0), SymType: '-exported-', PDB: 'C:\WINDOWS\system32\nvspcap64.dll', fileVersion: 11.0.8.299
C:\WINDOWS\SYSTEM32\ntmarta.dll:ntmarta.dll (00007FF9C5070000), size: 208896 (result: 0), SymType: '-exported-', PDB: 'C:\WINDOWS\SYSTEM32\ntmarta.dll', fileVersion: 10.0.19041.3636
C:\WINDOWS\SYSTEM32\dxcore.dll:dxcore.dll (00007FF9BCF80000), size: 241664 (result: 0), SymType: '-exported-', PDB: 'C:\WINDOWS\SYSTEM32\dxcore.dll', fileVersion: 10.0.19041.5794
C:\WINDOWS\System32\DriverStore\FileRepository\nv_dispi.inf_amd64_a3944b54ff18b284\nvppex.dll:nvppex.dll (00007FF98E030000), size: 7499776 (result: 0), SymType: '-exported-', PDB: 'C:\WINDOWS\System32\DriverStore\FileRepository\nv_dispi.inf_amd64_a3944b54ff18b284\nvppex.dll', fileVersion: 32.0.16.1656
C:\WINDOWS\System32\clbcatq.dll:clbcatq.dll (00007FF9C8620000), size: 692224 (result: 0), SymType: '-exported-', PDB: 'C:\WINDOWS\System32\clbcatq.dll', fileVersion: 2001.12.10941.16384
C:\WINDOWS\system32\wbem\wbemprox.dll:wbemprox.dll (00007FF9BAE30000), size: 69632 (result: 0), SymType: '-exported-', PDB: 'C:\WINDOWS\system32\wbem\wbemprox.dll', fileVersion: 10.0.19041.4474
C:\WINDOWS\SYSTEM32\wbemcomn.dll:wbemcomn.dll (00007FF9B5590000), size: 589824 (result: 0), SymType: '-exported-', PDB: 'C:\WINDOWS\SYSTEM32\wbemcomn.dll', fileVersion: 10.0.19041.5794
C:\WINDOWS\system32\wbem\wbemsvc.dll:wbemsvc.dll (00007FF9AA490000), size: 81920 (result: 0), SymType: '-exported-', PDB: 'C:\WINDOWS\system32\wbem\wbemsvc.dll', fileVersion: 10.0.19041.4474
C:\WINDOWS\system32\wbem\fastprox.dll:fastprox.dll (00007FF9AA6B0000), size: 1097728 (result: 0), SymType: '-exported-', PDB: 'C:\WINDOWS\system32\wbem\fastprox.dll', fileVersion: 10.0.19041.5794
C:\WINDOWS\SYSTEM32\amsi.dll:amsi.dll (00007FF9A6730000), size: 126976 (result: 0), SymType: '-exported-', PDB: 'C:\WINDOWS\SYSTEM32\amsi.dll', fileVersion: 10.0.19041.4355
C:\WINDOWS\SYSTEM32\USERENV.dll:USERENV.dll (00007FF9C5C90000), size: 188416 (result: 0), SymType: '-exported-', PDB: 'C:\WINDOWS\SYSTEM32\USERENV.dll', fileVersion: 10.0.19041.5794
C:\Program Files\Avast Software\Avast\aswAMSI.dll:aswAMSI.dll (00007FF9A56E0000), size: 1048576 (result: 0), SymType: '-exported-', PDB: 'C:\Program Files\Avast Software\Avast\aswAMSI.dll', fileVersion: 26.9.11171.0
C:\WINDOWS\System32\MMDevApi.dll:MMDevApi.dll (00007FF9BCCC0000), size: 544768 (result: 0), SymType: '-exported-', PDB: 'C:\WINDOWS\System32\MMDevApi.dll', fileVersion: 10.0.19041.5915
C:\WINDOWS\SYSTEM32\AUDIOSES.DLL:AUDIOSES.DLL (00007FF996F00000), size: 1576960 (result: 0), SymType: '-exported-', PDB: 'C:\WINDOWS\SYSTEM32\AUDIOSES.DLL', fileVersion: 10.0.19041.5794
C:\WINDOWS\SYSTEM32\resourcepolicyclient.dll:resourcepolicyclient.dll (00007FF9C3870000), size: 81920 (result: 0), SymType: '-exported-', PDB: 'C:\WINDOWS\SYSTEM32\resourcepolicyclient.dll', fileVersion: 10.0.19041.4355
E:\SteamLibrary\steamapps\common\RimWorld\RimWorldWin64_Data\Plugins\x86_64\lib_burst_generated.dll:lib_burst_generated.dll (00007FF99FD80000), size: 126976 (result: 0), SymType: '-exported-', PDB: 'E:\SteamLibrary\steamapps\common\RimWorld\RimWorldWin64_Data\Plugins\x86_64\lib_burst_generated.dll'
C:\WINDOWS\SYSTEM32\xinput1_3.dll:xinput1_3.dll (00007FF99DF30000), size: 196608 (result: 0), SymType: '-exported-', PDB: 'C:\WINDOWS\SYSTEM32\xinput1_3.dll', fileVersion: 10.0.26200.1
C:\WINDOWS\SYSTEM32\dcomp.dll:dcomp.dll (00007FF9C23F0000), size: 1982464 (result: 0), SymType: '-exported-', PDB: 'C:\WINDOWS\SYSTEM32\dcomp.dll', fileVersion: 10.0.19041.6157
C:\WINDOWS\SYSTEM32\textinputframework.dll:textinputframework.dll (00007FF9883F0000), size: 1019904 (result: 0), SymType: '-exported-', PDB: 'C:\WINDOWS\SYSTEM32\textinputframework.dll', fileVersion: 10.0.19041.6456
C:\WINDOWS\SYSTEM32\CoreUIComponents.dll:CoreUIComponents.dll (00007FF9C2AE0000), size: 3518464 (result: 0), SymType: '-exported-', PDB: 'C:\WINDOWS\SYSTEM32\CoreUIComponents.dll', fileVersion: 10.0.19041.3636
C:\WINDOWS\SYSTEM32\CoreMessaging.dll:CoreMessaging.dll (00007FF9C30A0000), size: 991232 (result: 0), SymType: '-exported-', PDB: 'C:\WINDOWS\SYSTEM32\CoreMessaging.dll', fileVersion: 10.0.19041.5915
C:\WINDOWS\SYSTEM32\wintypes.dll:wintypes.dll (00007FF9C25E0000), size: 1404928 (result: 0), SymType: '-exported-', PDB: 'C:\WINDOWS\SYSTEM32\wintypes.dll', fileVersion: 10.0.19041.6456
E:\SteamLibrary\steamapps\common\RimWorld\RimWorldWin64_Data\Plugins\x86_64\steam_api64.dll:steam_api64.dll (00007FF97A3E0000), size: 311296 (result: 0), SymType: '-exported-', PDB: 'E:\SteamLibrary\steamapps\common\RimWorld\RimWorldWin64_Data\Plugins\x86_64\steam_api64.dll', fileVersion: 6.91.21.57
C:\Program Files (x86)\Steam\steamclient64.dll:steamclient64.dll (00007FF92E400000), size: 26726400 (result: 0), SymType: '-exported-', PDB: 'C:\Program Files (x86)\Steam\steamclient64.dll', fileVersion: 10.96.30.42
C:\WINDOWS\System32\PSAPI.DLL:PSAPI.DLL (00007FF9C86E0000), size: 32768 (result: 0), SymType: '-exported-', PDB: 'C:\WINDOWS\System32\PSAPI.DLL', fileVersion: 10.0.19041.3636
C:\Program Files (x86)\Steam\tier0_s64.dll:tier0_s64.dll (00007FF94D960000), size: 3203072 (result: 0), SymType: '-exported-', PDB: 'C:\Program Files (x86)\Steam\tier0_s64.dll', fileVersion: 10.96.30.42
C:\Program Files (x86)\Steam\vstdlib_s64.dll:vstdlib_s64.dll (00007FF973BC0000), size: 798720 (result: 0), SymType: '-exported-', PDB: 'C:\Program Files (x86)\Steam\vstdlib_s64.dll', fileVersion: 10.96.30.42
C:\WINDOWS\SYSTEM32\MSWSOCK.dll:MSWSOCK.dll (00007FF9C5570000), size: 434176 (result: 0), SymType: '-exported-', PDB: 'C:\WINDOWS\SYSTEM32\MSWSOCK.dll', fileVersion: 10.0.19041.5915
C:\WINDOWS\SYSTEM32\Secur32.dll:Secur32.dll (00007FF9AA570000), size: 49152 (result: 0), SymType: '-exported-', PDB: 'C:\WINDOWS\SYSTEM32\Secur32.dll', fileVersion: 10.0.19041.3636
C:\WINDOWS\SYSTEM32\SSPICLI.DLL:SSPICLI.DLL (00007FF9C5CC0000), size: 204800 (result: 0), SymType: '-exported-', PDB: 'C:\WINDOWS\SYSTEM32\SSPICLI.DLL', fileVersion: 10.0.19041.6328
C:\Program Files (x86)\Steam\gameoverlayrenderer64.dll:gameoverlayrenderer64.dll (00007FF9586F0000), size: 1798144 (result: 0), SymType: '-exported-', PDB: 'C:\Program Files (x86)\Steam\gameoverlayrenderer64.dll', fileVersion: 10.96.30.42
C:\WINDOWS\SYSTEM32\Msacm32.DLL:Msacm32.DLL (00007FF94B3F0000), size: 122880 (result: 0), SymType: '-exported-', PDB: 'C:\WINDOWS\SYSTEM32\Msacm32.DLL', fileVersion: 10.0.19041.1
C:\WINDOWS\SYSTEM32\winmmbase.dll:winmmbase.dll (00007FF975300000), size: 155648 (result: 0), SymType: '-exported-', PDB: 'C:\WINDOWS\SYSTEM32\winmmbase.dll', fileVersion: 10.0.19041.1
C:\Windows\System32\l3codeca.acm:l3codeca.acm (00007FF99FA50000), size: 110592 (result: 0), SymType: '-exported-', PDB: 'C:\Windows\System32\l3codeca.acm', fileVersion: 1.9.0.401
C:\WINDOWS\SYSTEM32\imaadp32.acm:imaadp32.acm (00007FF9C2F80000), size: 53248 (result: 0), SymType: '-exported-', PDB: 'C:\WINDOWS\SYSTEM32\imaadp32.acm', fileVersion: 10.0.19041.3636
C:\WINDOWS\System32\NSI.dll:NSI.dll (00007FF9C86D0000), size: 32768 (result: 0), SymType: '-exported-', PDB: 'C:\WINDOWS\System32\NSI.dll', fileVersion: 10.0.19041.3636
C:\WINDOWS\SYSTEM32\dhcpcsvc6.DLL:dhcpcsvc6.DLL (00007FF9C0660000), size: 94208 (result: 0), SymType: '-exported-', PDB: 'C:\WINDOWS\SYSTEM32\dhcpcsvc6.DLL', fileVersion: 10.0.19041.3636
C:\WINDOWS\SYSTEM32\dhcpcsvc.DLL:dhcpcsvc.DLL (00007FF9C0A40000), size: 118784 (result: 0), SymType: '-exported-', PDB: 'C:\WINDOWS\SYSTEM32\dhcpcsvc.DLL', fileVersion: 10.0.19041.3636
C:\WINDOWS\SYSTEM32\DNSAPI.dll:DNSAPI.dll (00007FF9C5240000), size: 827392 (result: 0), SymType: '-exported-', PDB: 'C:\WINDOWS\SYSTEM32\DNSAPI.dll', fileVersion: 10.0.19041.5369
C:\Windows\System32\rasadhlp.dll:rasadhlp.dll (00007FF9ACE20000), size: 40960 (result: 0), SymType: '-exported-', PDB: 'C:\Windows\System32\rasadhlp.dll', fileVersion: 10.0.19041.6328
C:\WINDOWS\System32\fwpuclnt.dll:fwpuclnt.dll (00007FF9ACE40000), size: 524288 (result: 0), SymType: '-exported-', PDB: 'C:\WINDOWS\System32\fwpuclnt.dll', fileVersion: 10.0.19041.6328
C:\WINDOWS\SYSTEM32\gpapi.dll:gpapi.dll (0000029ED78E0000), size: 143360 (result: 0), SymType: '-exported-', PDB: 'C:\WINDOWS\SYSTEM32\gpapi.dll', fileVersion: 10.0.19041.4355
C:\WINDOWS\SYSTEM32\TextShaping.dll:TextShaping.dll (00007FF97A260000), size: 704512 (result: 0), SymType: '-exported-', PDB: 'C:\WINDOWS\SYSTEM32\TextShaping.dll'
C:\WINDOWS\SYSTEM32\dbghelp.dll:dbghelp.dll (00007FF9BE820000), size: 2101248 (result: 0), SymType: '-exported-', PDB: 'C:\WINDOWS\SYSTEM32\dbghelp.dll', fileVersion: 10.0.19041.5848
  ERROR: SymGetSymFromAddr64, GetLastError: 'Attempt to access invalid address.' (Address: 00007FF8EBE5B64B)
0x00007FF8EBE5B64B (UnityPlayer) (function-name not available)
0x00007FF8EC7C7F70 (UnityPlayer) UnityMain
0x00007FF8EC7CB3B2 (UnityPlayer) UnityMain
0x00007FF8EC7CB4A1 (UnityPlayer) UnityMain
  ERROR: SymGetSymFromAddr64, GetLastError: 'Attempt to access invalid address.' (Address: 00007FF8EB81C4AB)
0x00007FF8EB81C4AB (UnityPlayer) (function-name not available)
0x0000029E21E33ACA (Mono JIT Code) (wrapper managed-to-native) UnityEngine.Mesh:Internal_Create (UnityEngine.Mesh)
0x0000029E21E339FB (Mono JIT Code) UnityEngine.Mesh:.ctor ()
0x0000029E52D4DDA3 (Mono JIT Code) Verse.MeshMakerPlanes:NewPlaneMesh (UnityEngine.Vector2,bool,bool,bool)
0x000002A026D36553 (Mono JIT Code) Verse.GraphicMeshSet:.ctor (single,single)
0x000002A026D35CD3 (Mono JIT Code) Verse.MeshPool:GetMeshSetForSize (UnityEngine.Vector2)
0x000002A026D35BBB (Mono JIT Code) Verse.MeshPool:GetMeshSetForSize (single,single)
0x000002A026D3313B (Mono JIT Code) Verse.PawnRenderNode_AnimalPart:MeshSetFor (Verse.Pawn)
0x000002A026D32AD6 (Mono JIT Code) Verse.PawnRenderNode:.ctor (Verse.Pawn,Verse.PawnRenderNodeProperties,Verse.PawnRenderTree)
0x000002A026D330AB (Mono JIT Code) Verse.PawnRenderNode_AnimalPart:.ctor (Verse.Pawn,Verse.PawnRenderNodeProperties,Verse.PawnRenderTree)
0x000002A026D3303B (Mono JIT Code) Verse.PawnRenderNode_AnimalPart_Body:.ctor (Verse.Pawn,Verse.PawnRenderNodeProperties,Verse.PawnRenderTree)
0x000002A026D328CD (Mono JIT Code) (wrapper runtime-invoke) <Module>:runtime_invoke_void__this___object_object_object (object,intptr,intptr,intptr)
0x00007FF922324C1E (mono-2.0-bdwgc) mono_jit_set_domain
0x00007FF92225D254 (mono-2.0-bdwgc) mono_object_get_virtual_method
0x00007FF92225D7EF (mono-2.0-bdwgc) mono_runtime_try_invoke
0x00007FF9222649E8 (mono-2.0-bdwgc) mono_runtime_invoke_array
0x00007FF922194EE2 (mono-2.0-bdwgc) mono_install_unhandled_exception_hook
0x00007FF9221BB0C1 (mono-2.0-bdwgc) mono_lookup_icall_symbol
0x0000029C2973DE00 (Mono JIT Code) (wrapper managed-to-native) System.Reflection.RuntimeConstructorInfo:InternalInvoke (System.Reflection.RuntimeConstructorInfo,object,object[],System.Exception&)
0x0000029C2973DC4B (Mono JIT Code) System.Reflection.RuntimeConstructorInfo:InternalInvoke (object,object[],bool)
0x0000029E25A2885B (Mono JIT Code) System.Reflection.RuntimeConstructorInfo:DoInvoke (object,System.Reflection.BindingFlags,System.Reflection.Binder,object[],System.Globalization.CultureInfo)
0x0000029E25A2867B (Mono JIT Code) System.Reflection.RuntimeConstructorInfo:Invoke (System.Reflection.BindingFlags,System.Reflection.Binder,object[],System.Globalization.CultureInfo)
0x0000029E25A259E3 (Mono JIT Code) System.RuntimeType:CreateInstanceImpl (System.Reflection.BindingFlags,System.Reflection.Binder,object[],System.Globalization.CultureInfo,object[],System.Threading.StackCrawlMark&)
0x0000029E25A24E7B (Mono JIT Code) System.Activator:CreateInstance (System.Type,System.Reflection.BindingFlags,System.Reflection.Binder,object[],System.Globalization.CultureInfo,object[])
0x0000029E25A24C33 (Mono JIT Code) System.Activator:CreateInstance (System.Type,object[])
0x000002A026D32E6B (Mono JIT Code) Verse.PawnRenderNode:Init (Verse.Pawn)
0x000002A026D32B1B (Mono JIT Code) Verse.PawnRenderNode:.ctor (Verse.Pawn,Verse.PawnRenderNodeProperties,Verse.PawnRenderTree)
0x000002A026D3278B (Mono JIT Code) Verse.PawnRenderNode_Parent:.ctor (Verse.Pawn,Verse.PawnRenderNodeProperties,Verse.PawnRenderTree)
0x000002A026D328CD (Mono JIT Code) (wrapper runtime-invoke) <Module>:runtime_invoke_void__this___object_object_object (object,intptr,intptr,intptr)
0x00007FF922324C1E (mono-2.0-bdwgc) mono_jit_set_domain
0x00007FF92225D254 (mono-2.0-bdwgc) mono_object_get_virtual_method
0x00007FF92225D7EF (mono-2.0-bdwgc) mono_runtime_try_invoke
0x00007FF9222649E8 (mono-2.0-bdwgc) mono_runtime_invoke_array
0x00007FF922194EE2 (mono-2.0-bdwgc) mono_install_unhandled_exception_hook
0x00007FF9221BB0C1 (mono-2.0-bdwgc) mono_lookup_icall_symbol
0x0000029C2973DE00 (Mono JIT Code) (wrapper managed-to-native) System.Reflection.RuntimeConstructorInfo:InternalInvoke (System.Reflection.RuntimeConstructorInfo,object,object[],System.Exception&)
0x0000029C2973DC4B (Mono JIT Code) System.Reflection.RuntimeConstructorInfo:InternalInvoke (object,object[],bool)
0x0000029E25A2885B (Mono JIT Code) System.Reflection.RuntimeConstructorInfo:DoInvoke (object,System.Reflection.BindingFlags,System.Reflection.Binder,object[],System.Globalization.CultureInfo)
0x0000029E25A2867B (Mono JIT Code) System.Reflection.RuntimeConstructorInfo:Invoke (System.Reflection.BindingFlags,System.Reflection.Binder,object[],System.Globalization.CultureInfo)
0x0000029E25A259E3 (Mono JIT Code) System.RuntimeType:CreateInstanceImpl (System.Reflection.BindingFlags,System.Reflection.Binder,object[],System.Globalization.CultureInfo,object[],System.Threading.StackCrawlMark&)
0x0000029E25A24E7B (Mono JIT Code) System.Activator:CreateInstance (System.Type,System.Reflection.BindingFlags,System.Reflection.Binder,object[],System.Globalization.CultureInfo,object[])
0x0000029E25A24C33 (Mono JIT Code) System.Activator:CreateInstance (System.Type,object[])
0x000002A9CE390C23 (Mono JIT Code) (wrapper dynamic-method) MonoMod.Utils.DynamicMethodDefinition:Verse.PawnRenderTree.TrySetupGraphIfNeeded_Patch4 (Verse.PawnRenderTree)
0x000002A026D30E3B (Mono JIT Code) Verse.PawnRenderTree:get_BodyGraphic ()
0x000002A026D30DBB (Mono JIT Code) Verse.PawnRenderer:get_BodyGraphic ()
0x000002A026D30D03 (Mono JIT Code) Hito.IsekaiMonsterAddon.FootprintPresentation:DrawSize (Verse.Pawn)
0x000002A026D30A5B (Mono JIT Code) Hito.IsekaiMonsterAddon.FootprintPresentation:BeyondBody (Verse.Pawn)
0x000002A026D3053B (Mono JIT Code) Hito.IsekaiMonsterAddon.FootprintPresentation:Touch (Verse.Pawn,Verse.IntVec3,Verse.LocalTargetInfo,bool)
0x000002A026D29663 (Mono JIT Code) Hito.IsekaiMonsterAddon.FootprintTouchReach:Postfix (Verse.Pawn,Verse.LocalTargetInfo,Verse.AI.PathEndMode,bool&)
0x0000029E99B58DDB (Mono JIT Code) (wrapper dynamic-method) MonoMod.Utils.DynamicMethodDefinition:Verse.ReachabilityImmediate.CanReachImmediate_Patch3 (Verse.Pawn,Verse.LocalTargetInfo,Verse.AI.PathEndMode)
0x000002A9CE61C803 (Mono JIT Code) (wrapper dynamic-method) MonoMod.Utils.DynamicMethodDefinition:Verse.AI.Pawn_PathFollower.AtDestinationPosition_Patch4 (Verse.AI.Pawn_PathFollower)
0x000002A9CE4EB32B (Mono JIT Code) (wrapper dynamic-method) MonoMod.Utils.DynamicMethodDefinition:Verse.AI.Pawn_PathFollower.StartPath_Patch6 (Verse.AI.Pawn_PathFollower,Verse.LocalTargetInfo,Verse.AI.PathEndMode)
0x000002A026D22DA3 (Mono JIT Code) Verse.AI.Pawn_PathFollower:TryResumePathingAfterLoading ()
0x0000029EF56824E3 (Mono JIT Code) (wrapper dynamic-method) MonoMod.Utils.DynamicMethodDefinition:Verse.Pawn.PostMapInit_Patch1 (Verse.Pawn)
0x000002A9CE391335 (Mono JIT Code) (wrapper dynamic-method) MonoMod.Utils.DynamicMethodDefinition:Verse.Map.FinalizeInit_Patch5 (Verse.Map)
0x0000029F14DA3BDB (Mono JIT Code) (wrapper dynamic-method) MonoMod.Utils.DynamicMethodDefinition:Verse.Map.FinalizeLoading_Patch2 (Verse.Map)
0x0000029E99ABFA33 (Mono JIT Code) (wrapper dynamic-method) MonoMod.Utils.DynamicMethodDefinition:Verse.Game.LoadGame_Patch2 (Verse.Game)
0x0000029FFCB8B763 (Mono JIT Code) Verse.SavedGameLoaderNow:LoadGameFromSaveFileNow (string)
0x0000029FFCB8B293 (Mono JIT Code) Verse.Root_Play/<>c:<Start>b__1_1 ()
0x0000029E53D5A86E (Mono JIT Code) Verse.LongEventHandler:RunEventFromAnotherThread (System.Action)
0x0000029E53D5A7EB (Mono JIT Code) Verse.LongEventHandler/<>c:<UpdateCurrentAsynchronousEvent>b__28_0 ()
0x0000029E25242FB6 (Mono JIT Code) System.Threading.ThreadHelper:ThreadStart_Context (object)
0x0000029E213342CE (Mono JIT Code) System.Threading.ExecutionContext:RunInternal (System.Threading.ExecutionContext,System.Threading.ContextCallback,object,bool)
0x0000029E213340AB (Mono JIT Code) System.Threading.ExecutionContext:Run (System.Threading.ExecutionContext,System.Threading.ContextCallback,object,bool)
0x0000029E25242E6B (Mono JIT Code) System.Threading.ExecutionContext:Run (System.Threading.ExecutionContext,System.Threading.ContextCallback,object)
0x0000029E25242D93 (Mono JIT Code) System.Threading.ThreadHelper:ThreadStart ()
0x0000029E252429C6 (Mono JIT Code) (wrapper runtime-invoke) object:runtime_invoke_void__this__ (object,intptr,intptr,intptr)
0x00007FF922324C1E (mono-2.0-bdwgc) mono_jit_set_domain
0x00007FF92225D254 (mono-2.0-bdwgc) mono_object_get_virtual_method
0x00007FF922260B3D (mono-2.0-bdwgc) mono_runtime_delegate_invoke
0x00007FF92228FA2D (mono-2.0-bdwgc) mono_profiler_init_etw
0x00007FF92228FBEE (mono-2.0-bdwgc) mono_profiler_init_etw
0x00007FF9C6BE7374 (KERNEL32) BaseThreadInitThunk
0x00007FF9C879CC91 (ntdll) RtlUserThreadStart

========== END OF STACKTRACE ===========

A crash has been intercepted by the crash handler. For call stack and other details, see the latest crash report generated in:
 * C:/Users/USER/AppData/Local/Temp/Ludeon Studios/RimWorld by Ludeon Studios/Crashes
